datetime,open,high,low,close,volume,rsi,macd,macdsignal,macdhist,fastk,fastd
2017-05-07 02:00:00,85.18,86.49,71.11,82.49,101028.958054,0.0,0.0,0.0,0.0,0.0,0.0
2017-05-08 02:00:00,82.5,83.0,76.73,78.77,151339.027656,0.0,0.0,0.0,0.0,0.0,0.0
2017-05-09 02:00:00,78.9,80.23,67.25,79.42,250752.122502,0.0,0.0,0.0,0.0,0.0,0.0
2017-05-10 02:00:00,79.46,83.0,76.96,80.39,97503.2165904,0.0,0.0,0.0,0.0,0.0,0.0
2017-05-11 02:00:00,80.38,82.95,79.0,81.33,62380.6955226,0.0,0.0,0.0,0.0,0.0,0.0
2017-05-12 02:00:00,81.1,83.15,77.0,78.21,96944.4106812,0.0,0.0,0.0,0.0,0.0,0.0
2017-05-13 02:00:00,78.2,81.1,76.0,80.74,51453.6090347,0.0,0.0,0.0,0.0,0.0,0.0
2017-05-14 02:00:00,80.74,82.26,80.0,81.3,42907.5117318,0.0,0.0,0.0,0.0,0.0,0.0
2017-05-15 02:00:00,81.3,85.99,81.17,83.65,101629.988602,0.0,0.0,0.0,0.0,0.0,0.0
2017-05-16 02:00:00,83.38,84.25,79.1,79.75,80400.3349865,0.0,0.0,0.0,0.0,0.0,0.0
2017-05-17 02:00:00,79.75,80.49,75.7,78.82,82275.6646969,0.0,0.0,0.0,0.0,0.0,0.0
2017-05-18 02:00:00,78.82,86.59,78.81,86.14,162480.272946,0.0,0.0,0.0,0.0,0.0,0.0
2017-05-19 02:00:00,86.04,115.4,84.6,110.85,304672.952891,0.0,0.0,0.0,0.0,0.0,0.0
2017-05-20 02:00:00,110.79,114.49,107.0,108.19,113418.187655,0.0,0.0,0.0,0.0,0.0,0.0
2017-05-21 02:00:00,108.19,131.49,107.51,130.3,180243.999215,81.2606250817,0.0,0.0,0.0,0.0,0.0
2017-05-22 02:00:00,130.3,157.86,120.01,137.12,390903.808415,82.9027432337,0.0,0.0,0.0,0.0,0.0
2017-05-23 02:00:00,137.0,156.56,129.1,148.88,154693.526598,85.2955409441,0.0,0.0,0.0,0.0,0.0
2017-05-24 02:00:00,148.88,389.01,94.97,163.19,248573.172942,87.5743842557,0.0,0.0,0.0,0.0,0.0
2017-05-25 02:00:00,163.19,182.39,139.5,147.55,231131.370106,74.064350618,0.0,0.0,0.0,0.0,66.6666666667
2017-05-26 02:00:00,147.67,171.0,129.69,141.45,227648.800438,69.5572279968,0.0,0.0,0.0,0.0,33.3333333333
2017-05-27 02:00:00,141.45,148.97,101.0,135.9,485515.975926,65.6431676627,0.0,0.0,0.0,0.0,-4.73695157173e-15
2017-05-28 02:00:00,136.27,160.2,135.95,149.19,214564.31079,69.996955459,0.0,0.0,0.0,100.0,33.3333333333
2017-05-29 02:00:00,149.19,177.49,143.79,174.99,238070.192295,76.2808932871,0.0,0.0,0.0,100.0,66.6666666667
2017-05-30 02:00:00,174.67,205.0,166.0,199.97,373694.149537,80.5323478497,0.0,0.0,0.0,100.0,100.0
2017-05-31 02:00:00,199.97,211.97,188.37,202.5,256847.466264,80.9056469403,0.0,0.0,0.0,100.0,100.0
2017-06-01 02:00:00,202.5,208.2,185.84,194.0,182961.563201,75.6566813082,0.0,0.0,0.0,0.0,66.6666666667
2017-06-02 02:00:00,194.85,203.0,193.7,198.14,89589.1406482,76.4578199323,0.0,0.0,0.0,15.262790428,38.4209301427
2017-06-03 02:00:00,198.01,200.9,195.2,199.65,55066.4848675,76.7582599743,0.0,0.0,0.0,100.0,38.4209301427
2017-06-04 02:00:00,199.94,223.45,199.02,218.74,147315.444006,80.1987304621,0.0,0.0,0.0,100.0,71.754263476
2017-06-05 02:00:00,218.56,221.93,214.5,219.78,70567.2771051,80.3692204337,0.0,0.0,0.0,100.0,100.0
2017-06-06 02:00:00,219.77,237.97,216.2,234.2,172308.226963,82.6055376948,0.0,0.0,0.0,100.0,100.0
2017-06-07 02:00:00,234.2,236.0,222.51,228.35,96387.0869045,78.6891471194,0.0,0.0,0.0,0.0,66.6666666667
2017-06-08 02:00:00,228.48,233.89,223.71,231.89,67413.7956009,79.3278438463,0.0,0.0,0.0,16.308300069,38.7694333563
2017-06-09 02:00:00,231.89,252.65,231.5,251.0,105850.662133,82.3952171927,42.2309240317,41.2949684454,0.935955586306,100.0,38.7694333563
2017-06-10 02:00:00,251.0,296.5,251.0,290.8,158873.130134,86.7911643826,45.4997234672,42.1359194498,3.36380401744,100.0,72.1027666897
2017-06-11 02:00:00,290.79,313.47,275.0,298.03,152539.551154,87.4063596558,48.1189854356,43.332532647,4.78645278864,100.0,100.0
2017-06-12 02:00:00,298.03,351.49,276.29,342.96,294931.909217,90.3989642898,53.2069087962,45.3074078768,7.89950091936,100.0,100.0
2017-06-13 02:00:00,342.77,350.0,318.0,343.0,162175.77243,90.4011511724,56.5900178815,47.5639298777,9.02608800379,100.0,100.0
2017-06-14 02:00:00,343.0,347.4,291.01,309.69,187260.804289,75.0671165399,55.9384934569,49.2388425936,6.69965086333,0.0,66.6666666667
2017-06-15 02:00:00,309.6,315.0,250.0,308.46,397999.681035,74.5641630931,54.6924444808,50.329562971,4.3628815098,0.0,33.3333333333
2017-06-16 02:00:00,308.05,324.5,286.01,316.49,136539.859684,75.7084335697,53.733489363,51.0103482494,2.72314111361,100.0,33.3333333333
2017-06-17 02:00:00,316.49,328.79,305.1,328.04,75672.9291813,77.290897276,53.291191315,51.4665168626,1.8246744525,100.0,66.6666666667
2017-06-18 02:00:00,328.04,338.2,304.0,310.59,87617.0494667,69.8837254901,50.9453316898,51.362279828,-0.416948138188,0.0,66.6666666667
2017-06-19 02:00:00,310.59,320.88,306.8,315.89,87785.5620878,70.7990726395,48.9496259243,50.8797490473,-1.93012312297,12.3575795984,37.4525265328
2017-06-20 02:00:00,315.56,328.95,297.0,313.1,134255.399887,69.5998334731,46.6056441886,50.0249280755,-3.4192838869,0.0,4.11919319946
2017-06-21 02:00:00,313.1,317.22,258.32,288.44,228437.04117,59.9361896042,42.2708933224,48.4741211249,-6.20322780254,0.0,4.11919319946
2017-06-22 02:00:00,288.44,295.0,276.0,285.44,110276.187795,58.8653962822,38.1536851699,46.4100339339,-8.256348764,0.0,-5.92118946467e-16
2017-06-23 02:00:00,286.38,298.0,282.98,291.39,71291.8250618,60.3773565051,34.9677963306,44.1215864132,-9.15379008266,100.0,33.3333333333
2017-06-24 02:00:00,291.49,294.93,268.12,271.0,69686.3996637,53.1654880526,30.4466834641,41.3866058234,-10.9399223593,0.0,33.3333333333
2017-06-25 02:00:00,271.0,277.42,223.25,246.11,201311.690739,45.9502030404,24.5720032016,38.023685299,-13.4516820975,0.0,33.3333333333
2017-06-26 02:00:00,246.12,257.0,186.71,224.17,418349.881683,40.7060104167,17.9391112215,34.0067704835,-16.067659262,0.0,0.0
2017-06-27 02:00:00,225.0,248.0,187.0,248.0,406262.316562,47.6892118057,14.4389353258,30.093203452,-15.6542681262,100.0,33.3333333333
2017-06-28 02:00:00,248.0,284.0,227.0,278.09,262587.026284,54.9103203431,13.9324278824,26.8610483381,-12.9286204557,100.0,66.6666666667
2017-06-29 02:00:00,277.46,283.0,250.21,255.92,170131.819845,49.4896254367,11.6082704509,23.8104927606,-12.2022223097,24.9326487989,74.9775495996
2017-06-30 02:00:00,256.49,268.0,235.35,245.2,143968.649164,47.0699426662,8.79990470882,20.8083751503,-12.0084704415,0.0,41.6442162663
2017-07-01 02:00:00,245.2,247.0,219.73,227.84,147452.518624,43.3717398245,5.11449103957,17.6695983281,-12.5551072886,0.0,8.31088293296
2017-07-02 02:00:00,228.46,258.58,221.0,249.56,159510.337201,48.792671813,3.9014234521,14.9159633529,-11.0145399008,100.0,33.3333333333
2017-07-03 02:00:00,250.39,251.0,237.5,243.8,93811.4661574,47.4942112452,2.44706652799,12.4221839879,-9.97511745995,76.0472817116,58.6824272372
2017-07-04 02:00:00,243.8,252.0,234.51,236.99,99914.8915159,45.9376983995,0.736478436136,10.0850428776,-9.34856444144,0.0,58.6824272372
2017-07-05 02:00:00,236.81,242.0,225.0,233.98,102399.576444,45.2320915837,-0.852232786102,7.89758774484,-8.74982053095,0.0,25.3490939039
2017-07-06 02:00:00,234.38,242.31,229.11,233.55,67993.3410425,45.1254560903,-2.12153949542,5.89376229679,-8.01530179221,0.0,0.0
2017-07-07 02:00:00,233.57,234.41,207.6,212.49,124100.704277,40.1348698384,-4.77183347571,3.76064314229,-8.532476618,0.0,0.0
2017-07-08 02:00:00,212.49,218.48,203.76,216.0,95390.7481565,41.3000711617,-6.51389475969,1.7057355619,-8.21963032158,23.3479848762,7.7826616254
2017-07-09 02:00:00,215.99,220.83,208.39,209.0,45123.6281065,39.6428974548,-8.36292972851,-0.307997496185,-8.05493223232,0.0,7.7826616254
2017-07-10 02:00:00,209.0,211.25,177.88,181.57,190655.811565,33.9022801773,-11.904447955,-2.62728758795,-9.27716036708,0.0,7.7826616254
2017-07-11 02:00:00,181.57,190.98,151.0,166.59,355993.710656,31.2415746656,-15.7384642527,-5.2495229209,-10.4889413318,0.0,0.0
2017-07-12 02:00:00,166.59,200.0,160.0,196.23,200399.075946,41.0927435841,-16.1985230129,-7.4393229393,-8.75920007361,100.0,33.3333333333
2017-07-13 02:00:00,196.9,198.0,170.1,180.34,174842.273422,37.9533728722,-17.6419477053,-9.4798478925,-8.16209981277,68.1319979599,56.04399932
2017-07-14 02:00:00,179.73,181.79,161.21,172.58,158704.681111,36.4873449759,-19.1908194989,-11.4220422138,-7.76877728514,0.0,56.04399932
2017-07-15 02:00:00,172.58,173.97,147.94,147.94,210234.271651,32.2301992812,-22.1512082888,-13.5678754288,-8.58333286004,0.0,22.7106659866
2017-07-16 02:00:00,147.77,149.47,117.36,136.03,478615.810756,30.3848079034,-25.1682512634,-15.8879505957,-9.28030066769,0.0,0.0
2017-07-17 02:00:00,136.03,165.8,134.9,165.3,375428.609957,39.5458936178,-24.9102849185,-17.6924174603,-7.21786745825,100.0,33.3333333333
2017-07-18 02:00:00,165.3,218.63,155.0,197.73,376748.26724,47.7501117085,-21.8372880966,-18.5213915875,-3.31589650902,100.0,66.6666666667
2017-07-19 02:00:00,197.73,215.89,164.2,168.0,355283.044424,42.1083784127,-21.5524354515,-19.1276003603,-2.42483509114,31.2337478913,77.0779159638
2017-07-20 02:00:00,168.0,204.6,168.0,196.57,227507.779388,48.4158390016,-18.8045601831,-19.0629923249,0.258432141806,100.0,77.0779159638
2017-07-21 02:00:00,196.77,204.5,181.5,186.9,138984.083454,46.5665130395,-17.2087654835,-18.6921469566,1.48338147308,70.68034059,67.3046961604
2017-07-22 02:00:00,186.51,201.99,185.3,198.23,69926.9681341,49.0233989966,-14.8585700296,-17.9254315712,3.06686154157,100.0,90.2267801967
2017-07-23 02:00:00,198.23,200.3,188.71,196.7,75194.1724008,48.6977672522,-12.9699716538,-16.9343395877,3.96436793396,86.7461595661,85.8088333854
2017-07-24 02:00:00,196.6,198.44,192.24,194.72,57608.433102,48.2510950425,-11.5004433347,-15.8475603371,4.3471170024,0.0,62.2487198554
2017-07-25 02:00:00,194.72,195.58,168.84,177.0,170327.127574,44.3320445818,-11.6316055539,-15.0043693805,3.37276382659,0.0,28.915386522
2017-07-26 02:00:00,176.9,181.0,167.11,175.0,90864.3698319,43.8986575792,-11.7613582264,-14.3557671497,2.59440892326,0.0,-9.47390314347e-15
2017-07-27 02:00:00,174.99,178.0,170.71,175.46,79832.4181021,44.0341745092,-11.6922885741,-13.8230714345,2.13078286046,31.2692649267,10.4230883089
2017-07-28 02:00:00,175.11,175.9,163.0,163.51,78934.7611912,41.2467399103,-12.4582050736,-13.5500981623,1.09189308878,0.0,10.4230883089
2017-07-29 02:00:00,164.08,179.41,153.22,177.5,127853.52619,45.5891869942,-11.8002968601,-13.2001379019,1.39984104183,100.0,43.7564216422
2017-07-30 02:00:00,177.0,179.4,168.0,168.98,49819.3177775,43.4814651407,-11.8300235092,-12.9261150233,1.09609151415,51.4623480071,50.4874493357
2017-07-31 02:00:00,168.98,173.95,163.1,173.35,69730.5954133,44.8888644587,-11.3698945476,-12.6148709282,1.2449763806,66.7734841585,72.7452773886
2017-08-01 02:00:00,173.36,197.5,173.36,193.01,151362.676563,50.8219974876,-9.31150411275,-11.9541975651,2.64269345236,100.0,72.7452773886
2017-08-02 02:00:00,193.01,195.45,182.5,183.99,83289.2329141,48.2551722317,-8.31223520667,-11.2258050934,2.91356988675,56.7374396743,74.5036412776
2017-08-03 02:00:00,183.99,193.6,183.56,191.9,50891.3337534,50.6109269934,-6.80360873943,-10.3413658226,3.53775708319,91.7769823363,82.8381406702
2017-08-04 02:00:00,191.9,193.0,186.0,187.25,36868.5219172,49.1930833864,-5.91504260426,-9.45610117895,3.54105857469,39.8136159984,62.7760126697
2017-08-05 02:00:00,187.55,214.98,186.0,214.02,127603.813701,56.7116517627,-3.0159660869,-8.16807416054,5.15210807364,100.0,77.1968661116
2017-08-06 02:00:00,214.0,231.99,211.06,225.0,104653.715018,59.3676220167,0.165657578679,-6.5013278127,6.66698539137,100.0,79.9378719995
2017-08-07 02:00:00,225.88,232.39,220.01,228.95,85583.9416471,60.3110340576,2.97159455224,-4.60674333971,7.57833789195,100.0,100.0
2017-08-08 02:00:00,228.94,255.98,226.0,252.0,124890.705596,65.3647011722,6.97486033435,-2.2904226049,9.26528293925,100.0,100.0
2017-08-09 02:00:00,252.33,269.98,240.99,252.5,166896.207065,65.4674199004,10.0717225815,0.182006432379,9.8897161491,100.0,100.0
2017-08-10 02:00:00,252.54,268.18,249.1,253.0,88682.1520424,65.5773608647,12.4231477314,2.63023469219,9.79291303925,100.0,100.0
2017-08-11 02:00:00,254.68,265.3,252.1,264.64,53347.5672663,68.1217994443,15.0524050685,5.11466876746,9.93773630106,100.0,100.0
2017-08-12 02:00:00,264.64,269.98,255.05,262.29,77479.8367892,67.044319097,16.7533627535,7.44240756466,9.31095518881,57.6535131955,85.8845043985
2017-08-13 02:00:00,262.29,262.89,242.0,252.54,76978.0844962,62.6189408128,17.1173226177,9.37739057527,7.73993204245,0.0,52.5511710652
2017-08-14 02:00:00,253.8,262.2,251.46,255.0,37096.4193493,63.2775611055,17.4036464701,10.9826417542,6.42100471589,14.8828021104,24.1787717686
2017-08-15 02:00:00,255.0,256.0,227.0,244.16,77098.8662994,58.3951002352,16.5649127765,12.0990959587,4.4658168178,0.0,4.96093403681
2017-08-16 02:00:00,243.5,261.24,239.3,258.0,62407.7307812,62.3856613063,16.823056888,13.0438881446,3.77916874345,81.7325766059,32.2051262388
2017-08-17 02:00:00,258.0,266.47,254.0,256.87,49426.0385483,61.8639215098,16.7434483499,13.7838001856,2.95964816426,86.9256531304,56.2194099121
2017-08-18 02:00:00,256.87,262.0,245.1,251.19,53141.3605075,59.1845548889,16.0371630468,14.2344727579,1.80269028893,0.0,56.2194099121
2017-08-19 02:00:00,251.19,254.89,241.22,250.59,27610.5155452,58.8943824455,15.2531826749,14.4382147413,0.814967933624,0.0,28.9752177101
2017-08-20 02:00:00,250.93,255.55,247.36,255.55,26716.1551458,60.6135178466,14.8607971109,14.5227312152,0.338065895679,100.0,33.3333333333
2017-08-21 02:00:00,255.6,293.1,253.75,272.5,142617.998758,65.8670924118,15.7361554626,14.7654160647,0.97073939791,100.0,66.6666666667
2017-08-22 02:00:00,272.85,282.0,250.1,268.52,106950.464232,63.7179386997,15.9251552485,14.9973639014,0.927791347091,59.0915921059,86.3638640353
2017-08-23 02:00:00,268.45,279.44,267.2,271.95,46844.6928009,64.7843635549,16.1653669868,15.2309645185,0.934402468312,49.6206878646,69.5707599902
2017-08-24 02:00:00,271.0,278.9,270.2,277.5,31833.0391912,66.5001555707,16.612081403,15.5071878954,1.10489350761,100.0,69.5707599902
2017-08-25 02:00:00,277.32,286.0,276.43,277.9,51850.629517,66.6263628291,16.8046686932,15.766684055,1.0379846382,100.0,83.2068959549
2017-08-26 02:00:00,278.0,282.0,273.45,279.0,43875.9999938,66.994613664,16.851799263,15.9837070966,0.868092166445,100.0,100.0
2017-08-27 02:00:00,279.0,290.45,277.89,290.45,40981.4978969,70.6276994176,17.6100719401,16.3089800653,1.30109187483,100.0,100.0
2017-08-28 02:00:00,290.45,293.0,280.0,290.12,53726.6158744,70.3872200739,17.977150853,16.6426142228,1.3345366302,93.3808514304,97.7936171435
2017-08-29 02:00:00,290.12,310.0,289.8,309.0,92176.1900508,75.5222887749,19.565977342,17.2272868467,2.33869049537,100.0,97.7936171435
2017-08-30 02:00:00,309.0,324.47,305.0,321.0,97010.3237133,78.1193983761,21.5450752768,18.0908445327,3.45423074413,100.0,97.7936171435
2017-08-31 02:00:00,320.99,329.0,318.5,326.3,59414.3708263,79.1705758402,23.2729146813,19.1272585624,4.14565611886,100.0,100.0
2017-09-01 02:00:00,326.3,332.17,325.2,327.32,61604.3253051,79.3759284257,24.4427841328,20.1903636765,4.25242045633,100.0,100.0
2017-09-02 02:00:00,327.3,328.81,274.0,295.47,146889.481501,59.6127764893,22.5400575307,20.6603024473,1.87975508335,0.0,66.6666666667
2017-09-03 02:00:00,295.3,314.7,284.0,299.84,68200.2410333,61.0458797229,21.1410545514,20.7564528682,0.384601683287,7.25139005243,35.7504633508
2017-09-04 02:00:00,299.94,300.0,235.15,258.5,182765.356704,44.8372537345,16.5062681198,19.9064159185,-3.40014779866,0.0,2.41713001748
2017-09-05 02:00:00,258.88,288.0,240.0,273.48,118505.986683,50.0162403475,13.8819053245,18.7015137997,-4.81960847522,31.9520397147,13.0678099224
2017-09-06 02:00:00,273.49,292.73,273.0,287.08,82947.4073221,54.2186579516,12.7524825609,17.5117075519,-4.75922499106,100.0,43.9840132382
2017-09-07 02:00:00,287.4,287.5,273.0,280.7,60055.8589071,52.0095358569,11.2133338707,16.2520328157,-5.03869894494,47.4321140159,59.7947179102
2017-09-08 02:00:00,280.7,288.0,250.0,259.88,106238.664009,45.4950541103,8.21880616343,14.6453874852,-6.42658132181,0.0,49.1440380053
2017-09-09 02:00:00,259.85,262.71,245.0,254.79,40248.694945,44.0426350852,5.37296472707,12.7909029336,-7.41793820654,0.0,15.810704672
2017-09-10 02:00:00,254.79,260.11,237.0,251.78,67350.6060081,43.1650417723,2.84197255069,10.801116857,-7.95914430633,0.0,-1.42108547152e-14
2017-09-11 02:00:00,251.38,288.0,243.14,250.2,56118.1531924,42.684243527,0.700574434712,8.78100837256,-8.08043393785,0.0,-1.42108547152e-14
2017-09-12 02:00:00,250.2,267.48,241.31,245.33,110536.317619,41.1623393302,-1.37363291467,6.75008011511,-8.12371302978,0.0,-1.42108547152e-14
2017-09-13 02:00:00,245.33,245.63,210.0,231.72,191691.235736,37.1733300998,-4.06876821216,4.58631044966,-8.65507866182,0.0,-1.42108547152e-14
2017-09-14 02:00:00,231.72,288.0,188.0,188.01,252563.287106,27.8415295477,-9.62081132886,1.74488609395,-11.3656974228,0.0,-1.42108547152e-14
2017-09-15 02:00:00,188.01,227.8,167.22,218.9,319172.626148,39.4162814566,-11.3969042399,-0.883471972818,-10.5134322671,100.0,33.3333333333
2017-09-16 02:00:00,218.9,228.8,206.0,214.33,104490.79002,38.4340286972,-13.0231091789,-3.31139941403,-9.71170976485,91.5138331501,63.8379443834
2017-09-17 02:00:00,214.33,223.99,202.21,217.0,72687.6433867,39.3844397437,-13.9357984139,-5.43627921401,-8.49951919992,96.7582974302,96.0907101934
2017-09-18 02:00:00,217.29,252.5,217.26,251.35,145477.167565,50.0646337714,-11.7518848697,-6.69940034515,-5.05248452456,100.0,96.0907101934
2017-09-19 02:00:00,251.35,252.38,232.96,236.3,77768.4098702,46.2219248549,-11.1074866813,-7.58101761238,-3.52646906891,64.020233092,86.9261768407
2017-09-20 02:00:00,237.4,245.2,232.0,238.06,45266.0167848,46.7367913384,-10.3356364005,-8.13194137001,-2.20369503053,13.3985293876,59.1395874932
2017-09-21 02:00:00,238.06,242.31,209.0,216.4,105758.192646,41.474219286,-11.3409886148,-8.77375081896,-2.56723779581,0.0,25.8062541599
2017-09-22 02:00:00,216.4,227.78,211.0,222.5,81535.306678,43.4068939715,-11.5128060064,-9.32156185644,-2.19124414993,36.7249068753,16.7078120876
2017-09-23 02:00:00,222.5,239.9,219.0,239.87,64095.2019808,48.6108937985,-10.1305796778,-9.48336542071,-0.64721425707,100.0,45.5749689584
2017-09-24 02:00:00,239.87,245.69,232.78,237.51,42320.7633944,47.9655369521,-9.12045272885,-9.41078288234,0.290330153485,87.5988303643,74.7745790798
2017-09-25 02:00:00,237.51,251.3,237.51,248.83,70510.5679505,51.3049507117,-7.32208599988,-8.99304350585,1.67095750597,100.0,95.8662767881
2017-09-26 02:00:00,248.83,249.57,240.5,242.5,53924.4967824,49.3959230267,-6.33462390738,-8.46135958615,2.12673567877,42.8334485487,76.8107596377
2017-09-27 02:00:00,242.5,266.58,241.94,261.75,82281.4782647,54.8927380779,-3.95316928896,-7.55972152671,3.60655223776,100.0,80.9444828496
2017-09-28 02:00:00,261.75,262.99,252.06,256.44,46265.2436212,53.1768203802,-2.4658966473,-6.54095655083,4.07505990354,68.7834194582,70.5389560023
2017-09-29 02:00:00,256.0,257.31,235.31,245.93,71569.302923,49.8549497097,-2.11095772124,-5.65495678491,3.54399906367,0.0,56.2611398194
2017-09-30 02:00:00,245.93,258.17,244.94,254.8,26247.6953275,52.5490329446,-1.10123682224,-4.74421279238,3.64297597014,81.1013884078,49.961602622
2017-10-01 02:00:00,254.8,255.89,248.5,255.39,20723.3965701,52.7309497787,-0.250529715355,-3.84547617697,3.59494646162,100.0,60.3671294693
2017-10-02 02:00:00,255.39,257.02,250.0,251.71,23409.9650774,51.4071216646,0.125272487646,-3.05132644405,3.1765989317,0.0,60.3671294693
2017-10-03 02:00:00,251.71,255.0,245.0,248.43,34343.7906776,50.1974748522,0.156624384725,-2.40973627829,2.56636066302,0.0,33.3333333333
2017-10-04 02:00:00,248.43,251.57,246.01,249.17,20284.0016636,50.4805836555,0.238434282611,-1.88010216611,2.11853644872,23.4042532428,7.80141774761
2017-10-05 02:00:00,249.17,253.69,246.0,251.63,26613.9276733,51.4682628783,0.496052472891,-1.40487123831,1.9009237112,100.0,41.1347510809
2017-10-06 02:00:00,251.52,262.29,251.0,261.89,29716.969267,55.4585292732,1.51069860518,-0.821757269613,2.3324558748,100.0,74.4680844143
2017-10-07 02:00:00,261.89,267.22,258.25,264.0,28223.5886346,56.2550980503,2.45675242843,-0.166055330004,2.62280775844,100.0,100.0
2017-10-08 02:00:00,263.75,265.25,260.18,261.15,21010.2614187,54.828786342,2.94261508279,0.455678752555,2.48693633024,0.0,66.6666666667
2017-10-09 02:00:00,261.41,262.16,241.21,250.8,61179.909416,49.8824824736,2.46410160592,0.857363323228,1.60673828269,0.0,33.3333333333
2017-10-10 02:00:00,250.79,256.96,246.5,251.92,31337.5594162,50.4038957449,2.15046168408,1.1159829954,1.03447868868,10.5414726861,3.51382422871
2017-10-11 02:00:00,251.92,256.72,251.55,255.08,19234.2916168,51.9236649032,2.13230548681,1.31924749368,0.813057993133,100.0,36.847157562
2017-10-12 02:00:00,255.06,258.2,252.21,252.83,37134.5920914,50.7316299304,1.91429358882,1.43825671271,0.476036876111,21.5647346047,44.0354024303
2017-10-13 02:00:00,252.93,289.7,249.0,283.51,119518.386683,63.1532954623,4.16907864209,1.98442109859,2.1846575435,100.0,73.8549115349
2017-10-14 02:00:00,283.53,291.9,281.4,283.57,33665.743378,63.1728505748,5.89292358533,2.76612159594,3.1268019894,100.0,73.8549115349
2017-10-15 02:00:00,282.67,286.8,270.0,280.99,63735.7883165,61.6575422302,6.97054656269,3.60700658929,3.3635399734,0.0,66.6666666667
2017-10-16 02:00:00,280.99,293.06,278.9,281.65,49695.3834166,61.9092513564,7.78805121375,4.44321551418,3.34483569957,16.6110829603,38.8703609868
2017-10-17 02:00:00,281.65,281.98,263.47,268.54,57842.205723,54.2858452145,7.29398162454,5.01336873625,2.28061288829,0.0,5.53702765344
2017-10-18 02:00:00,268.54,268.86,246.0,267.59,73428.0287284,53.7691525522,6.74798429254,5.36029184751,1.38769244503,0.0,5.53702765344
2017-10-19 02:00:00,267.6,269.5,259.0,260.18,26820.0902329,49.7885021546,5.65219738807,5.41867295562,0.233524432446,0.0,0.0
2017-10-20 02:00:00,260.18,263.93,252.5,255.0,25206.6949312,47.1601000951,4.3160430055,5.19814696559,-0.882103960099,0.0,0.0
2017-10-21 02:00:00,255.0,256.5,247.21,254.26,29414.4203325,46.7801635086,3.16098138946,4.79071385037,-1.62973246091,0.0,0.0
2017-10-22 02:00:00,254.26,259.79,247.51,250.44,13911.0875787,44.7748297363,1.91526666021,4.21562441234,-2.30035775213,0.0,0.0
2017-10-23 02:00:00,250.44,250.51,235.82,241.77,47798.5510149,40.5283923285,0.225829004407,3.41766533075,-3.19183632634,0.0,0.0
2017-10-24 02:00:00,241.78,266.49,238.61,252.21,51168.7740216,47.0415572427,-0.267557523691,2.68062075986,-2.94817828355,100.0,33.3333333333
2017-10-25 02:00:00,252.21,258.89,249.0,253.0,24978.7164259,47.5100146639,-0.58804488874,2.02688763014,-2.61493251888,100.0,66.6666666667
2017-10-26 02:00:00,252.76,256.59,250.96,254.29,19701.2431574,48.3140127879,-0.729531629006,1.47560377831,-2.20513540732,100.0,100.0
2017-10-27 02:00:00,254.29,256.4,252.53,256.09,19430.0138787,49.4768959627,-0.68847956934,1.04278710878,-1.73126667812,100.0,100.0
2017-10-28 02:00:00,256.09,256.29,250.71,253.57,11361.0153765,47.853625679,-0.849495994738,0.664330488077,-1.51382648282,0.0,66.6666666667
2017-10-29 02:00:00,253.57,266.64,253.0,261.18,30324.0027433,52.8811258834,-0.358902071676,0.459683976127,-0.818586047803,100.0,66.6666666667
2017-10-30 01:00:00,261.18,264.99,260.11,263.0,21743.6374015,54.022799379,0.174741623847,0.402695505671,-0.227953881823,100.0,66.6666666667
2017-10-31 01:00:00,263.0,265.97,258.51,261.57,22689.6780323,52.9374749725,0.476773104684,0.417511025473,0.0592620792102,4.93565711532,68.3118857051
2017-11-01 01:00:00,261.15,261.77,249.2,249.94,41351.5843089,45.0164390468,-0.219775143717,0.290053791635,-0.509828935353,0.0,34.9785523718
2017-11-02 01:00:00,249.57,251.99,240.21,243.53,44590.7271872,41.3444686314,-1.27433829966,-0.0228246266235,-1.25151367304,0.0,1.64521903844
2017-11-03 01:00:00,243.2,264.0,243.2,261.1,38741.5225017,52.7270160359,-0.684445179104,-0.15514873712,-0.529296441984,100.0,33.3333333333
2017-11-04 01:00:00,261.1,262.17,254.21,256.82,15598.0329528,50.1728117728,-0.555902760674,-0.23529954183,-0.320603218843,77.5603459195,59.1867819732
2017-11-05 01:00:00,256.95,258.05,252.05,254.35,12491.5170833,48.7064314953,-0.645894851526,-0.317418603769,-0.328476247756,0.0,59.1867819732
2017-11-06 01:00:00,254.35,262.42,252.0,257.9,24342.7240414,50.9263773048,-0.425849967133,-0.339104876442,-0.0867450906906,100.0,59.1867819732
2017-11-07 01:00:00,257.9,262.0,246.6,251.24,50992.7710709,46.8314376281,-0.779879189137,-0.427259738981,-0.352619450156,0.0,33.3333333333
2017-11-08 01:00:00,251.24,275.15,250.27,267.15,65556.0863347,55.9448677562,0.220808790081,-0.297646033169,0.518454823249,100.0,66.6666666667
2017-11-09 01:00:00,267.15,283.07,265.07,276.63,72289.2161567,60.3103032246,1.75854656536,0.113592486538,1.64495407883,100.0,66.6666666667
2017-11-10 01:00:00,276.63,277.96,251.01,254.5,68892.4237715,48.2826716491,1.17793033158,0.326460055546,0.851470276033,0.0,66.6666666667
2017-11-11 01:00:00,254.5,269.69,247.12,265.87,52080.2169622,53.4222857383,1.61661641244,0.584491326925,1.03212508552,42.7317220102,47.5772406701
2017-11-12 01:00:00,265.82,267.0,250.0,261.05,61365.625082,51.1037261939,1.55739192979,0.779071447497,0.778320482288,54.8884506857,32.5400575653
2017-11-13 01:00:00,261.01,273.0,260.02,270.5,34411.7900321,55.2082542694,2.2470890795,1.0726749739,1.1744141056,100.0,65.8733908986
2017-11-14 01:00:00,270.5,287.8,270.1,286.71,74381.8408456,61.2215648543,4.05494765458,1.66912951004,2.38581814455,100.0,84.9628168952
2017-11-15 01:00:00,286.71,288.2,278.27,281.09,43599.7292095,58.2993166864,4.97683175011,2.33066995805,2.64616179206,51.4036714613,83.8012238204
2017-11-16 01:00:00,281.09,284.88,273.7,278.51,39928.6918709,56.9552690836,5.43657761697,2.95185148983,2.48472612714,0.0,50.4678904871
2017-11-17 01:00:00,278.78,284.0,277.27,282.8,18971.6142628,58.6618409718,6.07704429196,3.57689005026,2.5001542417,100.0,50.4678904871
2017-11-18 01:00:00,282.8,294.0,278.5,292.3,34556.0942285,62.2326911307,7.26741511376,4.31499506296,2.9524200508,100.0,66.6666666667
2017-11-19 01:00:00,292.0,307.9,289.89,298.89,74614.0840411,64.5221075859,8.64292028624,5.18058010761,3.46234017862,100.0,100.0
2017-11-20 01:00:00,298.89,314.0,296.92,306.7,60385.5626297,67.0698350501,10.2451204039,6.19348816687,4.051632237,100.0,100.0
2017-11-21 01:00:00,306.7,314.0,298.95,306.01,51365.2817975,66.6146919946,11.3286091524,7.22051236397,4.10809678842,82.1353319006,94.0451106335
2017-11-22 01:00:00,306.01,321.5,305.0,321.41,45869.3896186,71.2964838019,13.276885418,8.43178697478,4.84509844324,100.0,94.0451106335
2017-11-23 01:00:00,321.41,355.97,318.19,346.68,109487.164585,76.9969601311,16.66784961,10.0789995018,6.58885010815,100.0,94.0451106335
2017-11-24 01:00:00,346.68,397.8,336.0,394.7,96845.5777826,83.6442879669,22.9652962036,12.6562588422,10.3090373614,100.0,100.0
2017-11-25 01:00:00,394.0,396.77,381.54,384.21,51884.1450434,78.319873451,26.8006712133,15.4851413164,11.3155298969,19.9014303568,73.3004767856
2017-11-26 01:00:00,384.18,386.76,371.16,383.0,39068.184775,77.7054305837,29.4036496829,18.2688429897,11.1348066932,0.0,39.9671434523
2017-11-27 01:00:00,383.0,399.24,375.0,393.4,55838.4771482,79.2148027356,31.9375655815,21.002587508,10.9349780734,100.0,39.9671434523
2017-11-28 01:00:00,393.33,394.1,385.52,387.99,45543.3660171,76.3202232161,33.1272995125,23.4275299089,9.69976960356,0.0,33.3333333333
2017-11-29 01:00:00,389.0,427.58,338.2,361.1,153999.395018,63.8345212051,31.5368369284,25.0493913128,6.48744561557,0.0,33.3333333333
2017-11-30 01:00:00,361.02,388.71,337.0,371.0,104748.770176,66.0374606731,30.7210974459,26.1837325395,4.53736490649,17.6436972948,5.88123243161
2017-12-01 01:00:00,370.87,397.0,358.0,387.3,52655.0829467,69.3480378625,31.0321722395,27.1534204795,3.87875176004,100.0,39.2145657649
2017-12-02 01:00:00,387.3,394.9,377.1,383.17,23414.9886323,67.5513012647,30.5927901292,27.8412944094,2.75149571976,45.7273914785,54.4570295911
2017-12-03 01:00:00,383.17,395.21,371.94,383.0,45786.6615648,67.4738070994,29.8863478475,28.250305097,1.63604275049,0.0,48.5757971595
2017-12-04 01:00:00,382.92,394.0,379.02,390.55,39925.0653953,69.1656232756,29.594561469,28.5191563714,1.07540509762,100.0,48.5757971595
2017-12-05 01:00:00,390.55,393.0,381.89,383.6,37870.8048284,65.774080777,28.4742779934,28.5101806958,-0.035902702434,0.0,33.3333333333
2017-12-06 01:00:00,384.0,385.99,351.0,353.0,69108.8351981,53.3662708977,24.831044182,27.7743533931,-2.94330921102,0.0,33.3333333333
2017-12-07 01:00:00,354.0,368.0,342.12,352.54,62668.9008891,53.2037893688,21.6569886982,26.5508804541,-4.89389175593,0.0,-4.73695157173e-15
2017-12-08 01:00:00,354.9,383.45,342.4,371.99,59072.1703543,58.9016057771,20.4749567527,25.3356957138,-4.86073896112,100.0,33.3333333333
2017-12-09 01:00:00,371.99,411.0,368.33,384.24,67390.461517,62.0367819528,20.2927384848,24.327104268,-4.03436578318,100.0,66.6666666667
2017-12-10 01:00:00,384.25,385.31,353.01,358.75,37806.7223591,52.9801145375,17.8853282922,23.0387490729,-5.15342078062,0.0,66.6666666667
2017-12-11 01:00:00,358.75,412.0,357.24,410.0,62300.4580988,64.2733853259,19.8836783887,22.407734936,-2.5240565473,100.0,66.6666666667
2017-12-12 01:00:00,410.0,509.0,401.0,508.84,163189.490097,76.1638318793,29.1074150354,23.7476709559,5.35974407949,100.0,66.6666666667
2017-12-13 01:00:00,508.84,575.0,468.83,559.0,113440.416673,79.832209926,40.0036484191,26.9988664485,13.0047819706,100.0,100.0
2017-12-14 01:00:00,559.0,595.0,539.09,570.58,65372.0577037,80.5754421036,49.0084620569,31.4007855702,17.6076764867,100.0,100.0
2017-12-15 01:00:00,570.54,576.76,496.82,564.64,40521.6768382,78.9678383538,55.0311683308,36.1268621223,18.9043062085,0.0,66.6666666667
2017-12-16 01:00:00,564.64,592.0,560.14,576.04,34870.6904184,79.800778942,60.0320787354,40.907905445,19.1241732905,51.8125556936,50.6041852312
2017-12-17 01:00:00,574.99,597.74,574.1,582.04,32174.0576046,80.2442394502,63.744677158,45.4752597876,18.2694173704,100.0,50.6041852312
2017-12-18 01:00:00,582.05,662.46,560.0,654.67,69506.8450077,84.6402124334,71.7208192024,50.7243716705,20.9964475318,100.0,83.9375185645
2017-12-19 01:00:00,654.67,725.0,637.07,691.93,83305.2133098,86.3217386692,80.124909759,56.6044792882,23.5204304708,100.0,100.0
2017-12-20 01:00:00,691.93,704.2,630.0,674.01,73729.6470428,81.6897666009,84.3666911381,62.1569216582,22.2097694799,0.0,66.6666666667
2017-12-21 01:00:00,674.01,699.62,563.72,631.9,81005.926128,71.9231057954,83.3693780745,66.3994129415,16.9699651331,0.0,33.3333333333
2017-12-22 01:00:00,631.9,640.0,400.0,557.82,169662.666994,58.6406684087,75.7284133885,68.2652130309,7.46320035767,0.0,0.0
2017-12-23 01:00:00,557.82,628.96,550.07,587.53,58156.2787971,61.6958793625,71.2489292227,68.8619562692,2.38697295349,23.0018848567,7.66729495223
2017-12-24 01:00:00,590.02,593.51,508.01,573.96,48112.8237522,59.5327354754,65.8449011245,68.2585452403,-2.41364411582,29.1982151226,17.4000333264
2017-12-25 01:00:00,573.96,627.79,571.32,605.0,49816.3490442,62.7499679854,63.3367320888,67.27418261,-3.93745052118,100.0,50.7333666598
2017-12-26 01:00:00,603.45,630.0,602.73,623.97,26162.2388796,64.6021586073,62.1631326211,66.2519726122,-4.08883999111,100.0,76.3994050409
2017-12-27 01:00:00,623.94,628.99,595.64,623.8,39199.315895,64.5711727171,60.5216728373,65.1059126572,-4.5842398199,98.3270679652,99.4423559884
2017-12-28 01:00:00,623.8,624.95,585.1,607.69,50814.7824531,61.5579422827,57.2607949687,63.5368891195,-6.27609415082,0.0,66.1090226551
2017-12-29 01:00:00,607.69,639.87,604.89,629.76,40530.9631979,64.0340881392,55.8140012543,61.9923115465,-6.17831029215,82.1757880919,60.1676186857
2017-12-30 01:00:00,629.0,630.6,580.0,587.36,45207.119102,56.5040468622,50.6620802388,59.726265285,-9.06418504619,0.0,27.391929364
2017-12-31 01:00:00,588.9,639.0,586.0,639.0,26327.4354966,62.3163023755,50.1677594404,57.814564116,-7.64680467568,77.1875651077,53.1211177332
2018-01-01 01:00:00,639.0,650.0,620.3,638.01,30981.9815036,62.1448534929,49.1297843483,56.0776081625,-6.94782381421,97.0502177309,58.0792609462
2018-01-02 01:00:00,638.01,731.94,638.01,713.0,93620.3402877,69.0835180717,53.7387806796,55.6098426659,-1.87106198634,100.0,91.4125942795
2018-01-03 01:00:00,713.0,781.0,703.07,779.44,60739.1767258,73.6856093996,62.0374669143,56.8953675156,5.1420993987,100.0,99.0167392436
2018-01-04 01:00:00,779.22,831.49,750.26,791.98,68129.151055,74.4584069583,68.8326488142,59.2828237753,9.54982503894,100.0,100.0
2018-01-05 01:00:00,791.98,840.0,768.0,807.55,70948.4124032,75.4234979336,74.6141429089,62.349087602,12.2650553069,100.0,100.0
2018-01-06 01:00:00,807.55,835.0,794.04,830.56,33426.176576,76.8175902719,80.1290554571,65.905081173,14.223974284,100.0,100.0
2018-01-07 01:00:00,830.56,899.02,818.0,899.02,55209.5845559,80.3829970569,88.9979008386,70.5236451062,18.4742557325,100.0,100.0
2018-01-08 01:00:00,899.02,989.68,806.9,959.0,109620.898599,82.8689291972,99.716934675,76.3623030199,23.3546316551,100.0,100.0
2018-01-09 01:00:00,958.2,1079.5,952.12,1069.01,85748.472268,86.2984705711,115.75438928,84.2407202719,31.5136690079,100.0,100.0
2018-01-10 01:00:00,1070.0,1150.4,1000.0,1031.03,80312.7289785,80.3200945587,123.970464662,92.18666915,31.7837955122,0.0,66.6666666667
2018-01-11 01:00:00,1031.02,1099.24,961.02,1003.88,20839.653532,76.2534236217,126.828979966,99.1151313131,27.7138486525,0.0,33.3333333333
2018-01-12 01:00:00,1003.88,1010.0,1002.92,1006.0,0.1,76.3540985679,127.792329791,104.850571009,22.941758782,2.47561083151,0.825203610504
2018-01-13 01:00:00,700.0,1497.09,700.0,1141.31,30709.8473501,81.6898065263,137.884728317,111.45740247,26.4273258466,100.0,34.1585369438
2018-01-14 01:00:00,1143.58,1150.0,1042.07,1119.0,41048.4385195,78.5428050733,142.440827124,117.654087401,24.7867397234,41.0199831493,47.8318646603
2018-01-15 01:00:00,1119.3,1147.31,1040.0,1045.89,54072.1127763,69.142612362,138.555026166,121.834275154,16.7207510119,0.0,47.0066610498
2018-01-16 01:00:00,1045.89,1048.36,706.0,859.08,228148.557018,52.0129187624,119.029398336,121.273299791,-2.24390145426,0.0,13.6733277164
2018-01-17 01:00:00,862.44,910.0,620.0,842.31,202139.336468,50.7963027198,101.037303617,117.226100556,-16.188796939,0.0,-2.36847578587e-15
2018-01-18 01:00:00,843.0,922.0,791.56,849.92,111151.493395,51.3523863775,86.3965763738,111.060195719,-24.6636193456,45.7074079438,15.2358026479
2018-01-19 01:00:00,849.91,915.91,826.19,863.15,68080.2760993,52.3604090238,74.9967293728,103.84750245,-28.8507730773,100.0,48.5691359813
2018-01-20 01:00:00,864.83,959.8,861.89,948.95,64090.8011767,58.3831002646,72.0550061741,97.4890031949,-25.4339970208,100.0,81.9024693146
2018-01-21 01:00:00,948.95,950.0,833.0,868.0,77661.7118065,51.7373908606,62.4715477571,90.4855121073,-28.0139643502,0.0,66.6666666667
2018-01-22 01:00:00,868.15,899.33,750.0,819.21,106245.141478,48.1778021096,50.3591339233,82.4602364705,-32.1011025472,0.0,33.3333333333
2018-01-23 01:00:00,819.92,839.13,736.91,803.49,70631.3623693,47.0544840905,39.0414406469,73.7764773058,-34.7350366589,0.0,-4.73695157173e-15
2018-01-24 01:00:00,801.0,865.99,780.01,860.16,54827.6334422,51.4492619937,34.2500690982,65.8711956643,-31.6211265661,100.0,33.3333333333
2018-01-25 01:00:00,860.13,894.97,828.77,847.78,63546.1195467,50.4638001467,29.1182529948,58.5206071304,-29.4023541356,77.5765267622,59.1921755874
2018-01-26 01:00:00,847.74,870.0,797.85,849.03,60693.3984344,50.5667566591,24.8654825093,51.7895822062,-26.9240996968,10.4475391659,62.6746886427
2018-01-27 01:00:00,849.03,900.0,835.06,891.46,45238.7980236,54.0573173134,24.634901844,46.3586461337,-21.7237442898,100.0,62.6746886427
2018-01-28 01:00:00,891.46,990.02,885.65,985.0,89306.1294004,60.6534809011,31.6353881962,43.4139945462,-11.77860635,100.0,70.149179722
2018-01-29 01:00:00,985.1,993.0,925.98,943.42,52163.0331282,56.7528526187,33.4426594045,41.4197275179,-7.97706811341,40.8651979198,80.2883993066
2018-01-30 01:00:00,943.42,953.99,830.5,855.0,106199.950663,49.4675156481,27.4240524092,38.6205924961,-11.196540087,0.0,46.9550659733
2018-01-31 01:00:00,855.0,899.99,822.01,888.98,80877.7638916,52.0167466213,25.1067500349,35.9178240039,-10.811073969,34.99125687,25.2854849299
2018-02-01 01:00:00,888.98,925.0,750.0,811.4,131736.309357,46.2767401855,16.8163649835,32.0975321998,-15.2811672163,0.0,11.66375229
2018-02-02 01:00:00,811.4,811.4,581.29,738.02,257534.276434,41.6006592256,4.27573435939,26.5331726317,-22.2574382723,0.0,11.66375229
2018-02-03 01:00:00,738.02,804.72,677.4,783.29,67599.3267887,45.2745486859,-1.98699031035,20.8291400433,-22.8161303537,78.5677042761,26.1892347587
2018-02-04 01:00:00,783.29,783.29,623.0,658.73,100397.626406,38.1609397033,-16.8074499199,13.3018220507,-30.1092719705,0.0,26.1892347587
2018-02-05 01:00:00,658.73,683.24,501.0,546.46,273051.433478,33.111083026,-37.1833946291,3.20477871473,-40.3881733438,0.0,26.1892347587
2018-02-06 01:00:00,546.86,649.99,446.23,631.53,350333.354444,39.630042151,-45.937500659,-6.62367716002,-39.313823499,100.0,33.3333333333
2018-02-07 01:00:00,631.51,706.99,577.0,612.13,150395.220566,38.7036684756,-53.820204806,-16.0629826892,-37.7572221168,85.7895461899,61.92984873
2018-02-08 01:00:00,612.0,694.35,603.0,668.24,80475.257712,42.8637034343,-54.9067655502,-23.8317392614,-31.0750262888,100.0,95.2631820633
2018-02-09 01:00:00,666.62,720.0,640.8,715.49,77406.0044362,46.1763986273,-51.3631106854,-29.3380135462,-22.0250971392,100.0,95.2631820633
2018-02-10 01:00:00,715.49,745.0,669.5,695.6,68718.6469739,44.9937937725,-49.5880749858,-33.3880258341,-16.2000491516,64.3008249812,88.1002749937
2018-02-11 01:00:00,695.6,699.0,636.21,661.2,47521.3135094,42.9452597751,-50.3764307768,-36.7857068227,-13.5907239542,0.0,54.7669416604
2018-02-12 01:00:00,661.2,713.23,660.25,703.8,42371.5279494,46.2112710823,-47.0217074704,-38.8329069522,-8.18880051817,100.0,54.7669416604
2018-02-13 01:00:00,703.8,706.32,670.55,679.89,30608.8425539,44.6658177285,-45.7648535127,-40.2192962643,-5.54555724836,52.6807102471,50.8935700824
2018-02-14 01:00:00,680.0,744.77,678.3,740.46,42513.303907,49.2922382827,-39.4268072095,-40.0607984533,0.633991243868,100.0,84.2269034157
2018-02-15 01:00:00,740.38,767.0,727.14,745.9,52082.8125097,49.6990131642,-33.5778329581,-38.7642053543,5.18637239616,100.0,84.2269034157
2018-02-16 01:00:00,745.33,759.99,730.25,756.11,22379.5246112,50.501582435,-27.7981769725,-36.5709996779,8.77282270541,100.0,100.0
2018-02-17 01:00:00,756.11,789.83,754.23,789.83,21703.4068104,53.1596884839,-20.2632535995,-33.3094504623,13.0461968628,100.0,100.0
2018-02-18 01:00:00,789.83,793.0,735.92,740.26,29343.9381953,48.9944142935,-18.0832053318,-30.2642014362,12.1809961044,0.0,66.6666666667
2018-02-19 01:00:00,740.26,769.98,736.66,758.58,24375.5485683,50.5369433466,-14.7076893917,-27.1528990273,12.4452096356,37.0330735165,45.6776911722
2018-02-20 01:00:00,758.58,775.5,711.0,718.64,35163.622086,47.1865117074,-15.0815422661,-24.738627675,9.65708540892,0.0,12.3443578388
2018-02-21 01:00:00,718.64,737.32,654.19,684.24,65991.0845205,44.4529585337,-17.9467370564,-23.3802495513,5.43351249489,0.0,12.3443578388
2018-02-22 01:00:00,684.24,712.7,638.69,653.0,71364.2855107,42.0694653618,-22.4791063416,-23.2000209094,0.72091456774,0.0,-1.18423789293e-14
2018-02-23 01:00:00,653.0,715.92,637.92,694.59,40644.8731273,46.2048768182,-22.4562149686,-23.0512597212,0.595044752615,100.0,33.3333333333
2018-02-24 01:00:00,694.59,712.49,658.34,677.81,28382.4190549,44.8148572105,-23.5209443491,-23.1451966468,-0.375747702279,66.387392832,55.4624642773
2018-02-25 01:00:00,677.81,693.69,666.01,683.64,18196.7507857,45.4291215957,-23.6220178597,-23.2405608894,-0.381456970327,44.1910590205,70.1928172842
2018-02-26 01:00:00,683.63,715.0,678.36,702.6,31485.4486685,47.4766958756,-21.9195310904,-22.9763549296,1.05682383916,100.0,70.1928172842
2018-02-27 01:00:00,702.6,725.0,698.18,710.08,23114.149552,48.3008530555,-19.7391835522,-22.3289206541,2.5897371019,100.0,81.3970196735
2018-02-28 01:00:00,710.08,724.99,693.23,695.21,24008.2294028,46.7310065267,-18.992196922,-21.6615759077,2.66937898572,0.0,66.6666666667
2018-03-01 01:00:00,695.21,718.03,691.16,706.41,18022.0553375,48.0992634512,-17.2970684006,-20.7886744063,3.49160600568,87.1586425416,62.3862141805
2018-03-02 01:00:00,707.32,711.22,688.94,693.41,13729.76378,46.6029700106,-16.8088957026,-19.9927186655,3.18382296291,0.0,29.0528808472
2018-03-03 01:00:00,693.22,701.39,687.0,689.0,10193.5821499,46.0792923266,-16.5866647204,-19.3115078765,2.72484315608,0.0,29.0528808472
2018-03-04 01:00:00,689.16,699.0,680.0,698.5,10357.7445358,47.4492252233,-15.4656955495,-18.5423454111,3.07664986158,100.0,33.3333333333
2018-03-05 01:00:00,698.5,703.99,686.14,686.14,12404.0580298,45.8181978008,-15.3971790134,-17.9133121316,2.5161331182,0.0,33.3333333333
2018-03-06 01:00:00,686.14,688.7,645.64,655.32,26031.4501513,41.946293817,-17.6266070376,-17.8559711128,0.229364075183,0.0,33.3333333333
2018-03-07 01:00:00,655.0,664.0,585.0,609.3,44655.2400913,36.9281531835,-22.843548002,-18.8534864906,-3.99006151139,0.0,-4.73695157173e-15
2018-03-08 01:00:00,608.8,628.91,560.0,568.06,46510.8590469,33.1059638529,-29.9603701479,-21.0748632221,-8.88550692582,0.0,-4.73695157173e-15
2018-03-09 01:00:00,568.52,595.0,522.92,590.01,57118.9399937,36.8523484758,-33.4438020839,-23.5486509944,-9.89515108943,98.0167202316,32.6722400772
2018-03-10 01:00:00,590.01,608.39,549.57,553.91,28101.7292426,33.5267223711,-38.6716327792,-26.5732473514,-12.0983854278,11.2310550187,36.4159250834
2018-03-11 01:00:00,553.91,594.77,537.62,585.44,23400.3414307,38.7275774797,-39.811595486,-29.2209169783,-10.5906785077,100.0,69.7492584168
2018-03-12 01:00:00,585.44,599.97,550.01,565.75,27906.1476166,36.7916742611,-41.8217475157,-31.7410830858,-10.0806644299,62.7772130124,58.0027560104
2018-03-13 01:00:00,565.74,579.99,550.22,558.24,25176.7490261,36.0514472671,-43.5191401599,-34.0966945006,-9.42244565931,0.0,54.2590710041
2018-03-14 01:00:00,557.49,567.0,470.4,495.0,75250.6432454,30.4886831813,-49.3978478993,-37.1569251804,-12.2409227189,0.0,20.9257376708
2018-03-15 01:00:00,495.69,504.67,462.0,497.0,62143.0055541,30.8520706407,-53.2811904541,-40.3817782351,-12.899412219,6.5324981212,2.17749937373
2018-03-16 01:00:00,496.97,508.1,474.06,487.96,43551.4895157,30.0864588509,-56.4376418522,-43.5929509585,-12.8446908937,0.0,2.17749937373
2018-03-17 01:00:00,487.96,499.41,440.52,446.5,54217.0194121,26.8015066481,-61.574831502,-47.1893270672,-14.3855044348,0.0,2.17749937373
2018-03-18 01:00:00,446.5,450.0,367.0,438.2,194107.208864,26.1851299783,-65.5600959683,-50.8634808474,-14.6966151209,0.0,-4.73695157173e-15
2018-03-19 01:00:00,438.33,456.59,419.16,449.9,89389.2835415,28.675246754,-67.0019972344,-54.0911841248,-12.9108131095,100.0,33.3333333333
2018-03-20 01:00:00,449.9,467.29,421.0,457.27,56406.9573534,30.2709635926,-66.7802162065,-56.6289905412,-10.1512256653,100.0,66.6666666667
2018-03-21 01:00:00,457.27,483.58,441.0,454.48,62199.8969535,29.9973611311,-66.0679921396,-58.5167908608,-7.55120127872,82.8539465817,94.2846488606
2018-03-22 01:00:00,454.27,467.0,420.3,438.8,36993.0183254,28.4414933457,-66.0078964502,-60.0150119787,-5.99288447149,0.0,60.9513155272
2018-03-23 01:00:00,438.27,441.32,400.0,441.32,44875.7701324,29.0781551957,-65.0075605517,-61.0135216933,-3.9940388584,40.920048347,41.2579983096
2018-03-24 01:00:00,441.41,444.0,420.2,420.91,29051.8698139,26.9841245277,-65.1111428472,-61.8330459241,-3.27809692308,0.0,13.6400161157
2018-03-25 01:00:00,422.01,434.84,415.9,425.03,18741.4260271,28.1095743511,-64.1216287727,-62.2907624938,-1.83086627889,53.745622766,31.5552237044
2018-03-26 02:00:00,425.03,427.6,375.0,390.44,66644.4328207,24.6713112798,-65.374953885,-62.907600772,-2.46735311299,0.0,17.9152075887
2018-03-27 02:00:00,390.75,396.39,360.6,362.51,71539.3833922,22.2994758828,-67.8399242279,-63.8940654632,-3.9458587647,0.0,17.9152075887
2018-03-28 02:00:00,362.52,377.12,355.91,361.55,40715.0376103,22.2204027001,-69.0746454455,-64.9301814597,-4.14446398585,0.0,0.0
2018-03-29 02:00:00,361.55,364.12,307.1,311.21,163479.857518,18.5132257073,-73.2705706679,-66.5982593013,-6.6723113666,0.0,0.0
2018-03-30 02:00:00,311.21,334.1,291.7,318.41,159216.710092,20.554790094,-75.1486252363,-68.3083324883,-6.84029274795,55.0705938952,18.3568646317
2018-03-31 02:00:00,318.41,339.72,315.11,319.09,54639.8764118,20.7567194688,-75.7093959068,-69.788545172,-5.92085073477,100.0,51.6901979651
2018-04-01 02:00:00,319.09,324.23,290.5,306.7,59702.61142,19.7706666594,-76.274337077,-71.085703553,-5.18863352403,0.0,51.6901979651
2018-04-02 02:00:00,306.7,319.0,303.92,312.29,36400.2328395,21.580712346,-75.4018056626,-71.9489239749,-3.45288168763,100.0,66.6666666667
2018-04-03 02:00:00,312.29,346.0,309.52,339.2,69001.4709029,29.7923091297,-71.7122519257,-71.9015895651,0.189337639377,100.0,66.6666666667
2018-04-04 02:00:00,339.2,340.17,301.5,307.82,53839.8603806,26.3299037111,-70.5075901441,-71.6227896809,1.11519953677,57.8351749387,85.9450583129
2018-04-05 02:00:00,307.82,318.03,298.82,310.83,55461.3720151,27.2038413731,-68.5201475501,-71.0022612547,2.48211370466,25.2407663565,61.025313765
2018-04-06 02:00:00,310.83,314.26,296.05,301.09,58905.0789426,26.1238899807,-66.9591580812,-70.19364062,3.2344825388,0.0,27.6919804317
2018-04-07 02:00:00,301.09,320.31,300.69,313.0,37117.1038269,29.7940530793,-64.0230078355,-68.9595140631,4.93650622764,100.0,41.7469221188
2018-04-08 02:00:00,313.0,329.68,313.0,326.03,28122.6711822,33.6761672029,-59.953568095,-67.1583248695,7.20475677453,100.0,66.6666666667
2018-04-09 02:00:00,326.03,353.0,315.04,324.04,84344.956711,33.3726533773,-56.2407754994,-64.9748149955,8.73403949603,92.1817387148,97.3939129049
2018-04-10 02:00:00,323.84,338.7,318.53,336.2,29847.2670556,37.1030141628,-51.7209434033,-62.324040677,10.6030972738,100.0,97.3939129049
2018-04-11 02:00:00,336.2,350.28,332.05,347.47,46458.381685,40.4318142667,-46.6913206111,-59.1974966638,12.5061760528,100.0,97.3939129049
2018-04-12 02:00:00,347.47,403.14,335.17,400.84,110619.39175,53.0925209215,-37.9612022341,-54.9502377779,16.9890355438,100.0,100.0
2018-04-13 02:00:00,400.96,430.22,390.6,401.16,111071.526832,53.1568085652,-30.6632325401,-50.0928367303,19.4296041902,100.0,100.0
2018-04-14 02:00:00,400.7,418.51,395.1,408.46,45462.1388471,54.6826434797,-24.0136752865,-44.8770044416,20.863329155,100.0,100.0
2018-04-15 02:00:00,408.46,433.9,408.46,433.0,43508.9641705,59.4628894426,-16.5726412527,-39.2161318038,22.6434905511,100.0,100.0
2018-04-16 02:00:00,433.0,436.0,401.01,412.75,76244.1666866,54.3666116344,-12.16929389,-33.806764221,21.6374703311,0.0,66.6666666667
2018-04-17 02:00:00,412.75,422.05,404.94,406.49,42185.4424428,52.8584243071,-9.08006967255,-28.8614253113,19.7813556388,0.0,33.3333333333
2018-04-18 02:00:00,406.3,424.95,404.83,424.0,27057.8609146,56.4939650897,-5.1594516142,-24.1210305719,18.9615789577,100.0,33.3333333333
2018-04-19 02:00:00,424.0,489.0,421.24,460.04,56450.4061155,62.8452624171,0.846040615148,-19.1276163345,19.9736569496,100.0,66.6666666667
2018-04-20 02:00:00,460.01,507.19,452.65,503.8,79436.4886381,68.8009455863,9.03238306703,-13.4956164542,22.5279995212,100.0,100.0
2018-04-21 02:00:00,503.8,512.49,469.5,493.03,61462.7154425,65.9970305067,14.4841056938,-7.89967202459,22.3837777184,52.9203451573,84.3067817191
2018-04-22 02:00:00,493.03,525.15,482.7,505.96,54627.3294096,67.6990080059,19.621790308,-2.39537955807,22.0171698661,60.7000373007,71.2067941527
2018-04-23 02:00:00,506.18,531.75,503.23,527.71,50461.6229966,70.3843729807,25.1584743755,3.11539122864,22.0430831468,100.0,71.2067941527
2018-04-24 02:00:00,527.71,582.59,527.02,575.22,84361.2188419,75.2288237037,32.9995975124,9.09223248538,23.907365027,100.0,86.9000124336
2018-04-25 02:00:00,575.22,575.75,474.1,506.7,166226.546332,59.9880962257,33.3008809101,13.9339621703,19.3669187397,0.0,66.6666666667
2018-04-26 02:00:00,506.92,549.0,492.3,545.27,70867.5276706,64.3645347067,36.2342410546,18.3940179472,17.8402231074,28.7154172092,42.9051390697
2018-04-27 02:00:00,545.26,567.12,526.94,530.56,63462.8028391,61.5973304298,36.9460845746,22.1044312727,14.841653302,36.7704061448,21.8286077847
2018-04-28 02:00:00,530.56,572.0,526.9,562.25,47078.6917957,65.0803704445,39.6107359413,25.6056922064,14.0050437349,100.0,55.161941118
2018-04-29 02:00:00,562.25,576.99,550.0,569.0,36230.5134992,65.7920593496,41.7854828988,28.8416503449,12.9438325539,100.0,78.9234687149
2018-04-30 02:00:00,569.01,571.9,546.65,553.4,34715.445073,62.6158413894,41.7687121914,31.4270627142,10.3416494772,0.0,66.6666666667
2018-05-01 02:00:00,553.41,560.0,520.01,556.9,58074.1205205,63.0468798865,41.5587783074,33.4534058328,8.10537247455,13.570809765,37.8569365883
2018-05-02 02:00:00,557.18,577.03,551.6,573.0,35241.5250365,65.0435150697,42.2050263662,35.2037299395,7.00129642674,100.0,37.8569365883
2018-05-03 02:00:00,573.49,656.0,571.5,645.96,104175.249902,72.3377366268,48.0505480492,37.7730935614,10.2774544878,100.0,71.1902699217
2018-05-04 02:00:00,645.84,674.34,631.2,651.98,68652.6461719,72.8413027188,52.5630160567,40.7310780605,11.8319379962,100.0,100.0
2018-05-05 02:00:00,651.98,690.0,649.6,680.0,50416.3580565,75.1122676009,57.7346304095,44.1317885303,13.6028418792,100.0,100.0
2018-05-06 02:00:00,680.0,694.8,626.6,645.0,43192.4674173,67.5176894968,58.3364977182,46.9727303679,11.3637673504,0.0,66.6666666667
