datetime,open,high,low,close,volume,rsi,stoch_rsi,fast_k,fast_d,macd,macdsignal,macdhist,rsi_midpoint,is_bullish
2017-06-10 02:00:00,251.0,296.5,251.0,290.8,158873.130134,0.0,0.0,0.0,0.0,0.0,0.0,0.0,False,False
2017-06-11 02:00:00,290.79,313.47,275.0,298.03,152539.551154,0.0,0.0,0.0,0.0,0.0,0.0,0.0,False,False
2017-06-12 02:00:00,298.03,351.49,276.29,342.96,294931.909217,0.0,0.0,0.0,0.0,0.0,0.0,0.0,False,False
2017-06-13 02:00:00,342.77,350.0,318.0,343.0,162175.77243,0.0,0.0,0.0,0.0,0.0,0.0,0.0,False,False
2017-06-14 02:00:00,343.0,347.4,291.01,309.69,187260.804289,0.0,0.0,0.0,0.0,0.0,0.0,0.0,False,False
2017-06-15 02:00:00,309.6,315.0,250.0,308.46,397999.681035,0.0,0.0,0.0,0.0,0.0,0.0,0.0,False,False
2017-06-16 02:00:00,308.05,324.5,286.01,316.49,136539.859684,0.0,0.0,0.0,0.0,0.0,0.0,0.0,False,False
2017-06-17 02:00:00,316.49,328.79,305.1,328.04,75672.9291813,0.0,0.0,0.0,0.0,0.0,0.0,0.0,False,False
2017-06-18 02:00:00,328.04,338.2,304.0,310.59,87617.0494667,0.0,0.0,0.0,0.0,0.0,0.0,0.0,False,False
2017-06-19 02:00:00,310.59,320.88,306.8,315.89,87785.5620878,0.0,0.0,0.0,0.0,0.0,0.0,0.0,False,False
2017-06-20 02:00:00,315.56,328.95,297.0,313.1,134255.399887,0.0,0.0,0.0,0.0,0.0,0.0,0.0,False,False
2017-06-21 02:00:00,313.1,317.22,258.32,288.44,228437.04117,0.0,0.0,0.0,0.0,0.0,0.0,0.0,False,False
2017-06-22 02:00:00,288.44,295.0,276.0,285.44,110276.187795,0.0,0.0,0.0,0.0,0.0,0.0,0.0,False,False
2017-06-23 02:00:00,286.38,298.0,282.98,291.39,71291.8250618,0.0,0.0,0.0,0.0,0.0,0.0,0.0,False,False
2017-06-24 02:00:00,291.49,294.93,268.12,271.0,69686.3996637,0.0,0.0,0.0,0.0,0.0,0.0,0.0,False,False
2017-06-25 02:00:00,271.0,277.42,223.25,246.11,201311.690739,0.0,0.0,0.0,0.0,0.0,0.0,0.0,False,False
2017-06-26 02:00:00,246.12,257.0,186.71,224.17,418349.881683,0.0,0.0,0.0,0.0,0.0,0.0,0.0,False,False
2017-06-27 02:00:00,225.0,248.0,187.0,248.0,406262.316562,41.6575705598,100.0,0.0,0.0,0.0,0.0,0.0,False,False
2017-06-28 02:00:00,248.0,284.0,227.0,278.09,262587.026284,48.1230975877,100.0,0.0,0.0,0.0,0.0,0.0,False,False
2017-06-29 02:00:00,277.46,283.0,250.21,255.92,170131.819845,44.2814811179,92.0171047535,97.3390349178,97.3390349178,0.0,0.0,0.0,False,False
2017-06-30 02:00:00,256.49,268.0,235.35,245.2,143968.649164,42.5369265099,88.3919129112,93.4696725549,93.4696725549,0.0,0.0,0.0,False,False
2017-07-01 02:00:00,245.2,247.0,219.73,227.84,147452.518624,39.8365284419,82.7804743228,87.7298306625,87.7298306625,0.0,0.0,0.0,False,False
2017-07-02 02:00:00,228.46,258.58,221.0,249.56,159510.337201,44.5187002643,92.5100471415,87.8941447919,87.8941447919,0.0,0.0,0.0,False,False
2017-07-03 02:00:00,250.39,251.0,237.5,243.8,93811.4661574,43.5634259794,90.5249831436,88.6051682026,88.6051682026,0.0,0.0,0.0,False,False
2017-07-04 02:00:00,243.8,252.0,234.51,236.99,99914.8915159,42.4199954198,88.1489296122,90.3946532991,90.3946532991,0.0,0.0,0.0,False,False
2017-07-05 02:00:00,236.81,242.0,225.0,233.98,102399.576444,41.9034766033,87.0756013305,88.5831713621,88.5831713621,0.0,0.0,0.0,False,False
2017-07-06 02:00:00,234.38,242.31,229.11,233.55,67993.3410425,41.8261739203,86.9149660288,87.3798323238,87.3798323238,0.0,0.0,0.0,False,False
2017-07-07 02:00:00,233.57,234.41,207.6,212.49,124100.704277,38.1626280347,79.3021022081,84.4308898558,84.4308898558,0.0,0.0,0.0,False,False
2017-07-08 02:00:00,212.49,218.48,203.76,216.0,95390.7481565,39.1071187835,81.2647579726,82.4939420698,82.4939420698,0.0,0.0,0.0,False,False
2017-07-09 02:00:00,215.99,220.83,208.39,209.0,45123.6281065,37.8811218643,78.7171311973,79.7613304593,79.7613304593,0.0,0.0,0.0,False,False
2017-07-10 02:00:00,209.0,211.25,177.88,181.57,190655.811565,33.5075796453,69.6288919977,76.5369270559,76.5369270559,0.0,0.0,0.0,False,False
2017-07-11 02:00:00,181.57,190.98,151.0,166.59,355993.710656,31.4037664521,65.2571592983,71.2010608311,71.2010608311,0.0,0.0,0.0,False,False
2017-07-12 02:00:00,166.59,200.0,160.0,196.23,200399.075946,39.4023847731,81.8783219457,72.2547910806,72.2547910806,0.0,0.0,0.0,False,False
2017-07-13 02:00:00,196.9,198.0,170.1,180.34,174842.273422,36.9483305193,76.7787868434,74.6380893625,74.6380893625,-34.6583677251,-33.651240145,-1.00712758008,False,False
2017-07-14 02:00:00,179.73,181.79,161.21,172.58,158704.681111,35.791658479,26.2444232451,61.6338440114,61.6338440114,-34.8727374307,-33.8955396022,-0.977197828499,False,False
2017-07-15 02:00:00,172.58,173.97,147.94,147.94,210234.271651,32.3726399405,5.79492971703,36.2727132685,36.2727132685,-36.6088648361,-34.4382046489,-2.17066018713,False,False
2017-07-16 02:00:00,147.77,149.47,117.36,136.03,478615.810756,30.8587378502,0.0,10.6797843207,10.6797843207,-38.5019690445,-35.250957528,-3.25101151642,False,False
2017-07-17 02:00:00,136.03,165.8,134.9,165.3,375428.609957,38.3829413719,55.0821685563,20.2923660911,20.2923660911,-37.2114726944,-35.6430605613,-1.56841213309,False,False
2017-07-18 02:00:00,165.3,218.63,155.0,197.73,376748.26724,45.3801796518,100.0,51.6940561854,51.6940561854,-33.1893291416,-35.1523142774,1.9629851358,False,False
2017-07-19 02:00:00,197.73,215.89,164.2,168.0,355283.044424,40.8605129058,68.8759091022,74.6526925528,74.6526925528,-32.0314750288,-34.5281464276,2.49667139888,False,False
2017-07-20 02:00:00,168.0,204.6,168.0,196.57,227507.779388,46.3193740116,100.0,89.6253030341,89.6253030341,-28.480204997,-33.3185581415,4.83835314449,False,False
2017-07-21 02:00:00,196.77,204.5,181.5,186.9,138984.083454,44.8312122352,90.3745113662,86.4168068228,86.4168068228,-26.1447061973,-31.8837877527,5.73908155539,False,False
2017-07-22 02:00:00,186.51,201.99,185.3,198.23,69926.9681341,46.9529000624,100.0,96.7915037887,96.7915037887,-23.1131364118,-30.1296574845,7.01652107274,False,False
2017-07-23 02:00:00,198.23,200.3,188.71,196.7,75194.1724008,46.6952376355,98.3990317513,96.2578477058,96.2578477058,-20.596628615,-28.2230517106,7.62642309561,False,False
2017-07-24 02:00:00,196.6,198.44,192.24,194.72,57608.433102,46.3455347091,96.2261760177,98.2084025897,98.2084025897,-18.5482350008,-26.2880883686,7.73985336782,False,False
2017-07-25 02:00:00,194.72,195.58,168.84,177.0,170327.127574,43.2645712536,77.0828157431,90.5693411707,90.5693411707,-18.1455535652,-24.6595814079,6.51402784275,False,False
2017-07-26 02:00:00,176.9,181.0,167.11,175.0,90864.3698319,42.9223887885,74.9566878924,82.7552265511,82.7552265511,-17.7828196363,-23.2842290536,5.50140941734,False,False
2017-07-27 02:00:00,174.99,178.0,170.71,175.46,79832.4181021,43.0324943675,75.6408215402,75.8934417252,75.8934417252,-17.2592780152,-22.0792388459,4.81996083074,False,False
2017-07-28 02:00:00,175.11,175.9,163.0,163.51,78934.7611912,40.8570425188,62.1237970435,70.9071021587,70.9071021587,-17.6056852578,-21.1845281283,3.57884287054,False,False
2017-07-29 02:00:00,164.08,179.41,153.22,177.5,127853.52619,44.3560862566,83.8648711778,73.8764965871,73.8764965871,-16.5604409577,-20.2597106942,3.69926973649,False,False
2017-07-30 02:00:00,177.0,179.4,168.0,168.98,49819.3177775,42.7206449854,73.703166271,73.2306114974,73.2306114974,-16.2324525065,-19.4542590566,3.2218065501,False,False
2017-07-31 02:00:00,168.98,173.95,163.1,173.35,69730.5954133,43.8489089412,80.7135588651,79.4271987713,79.4271987713,-15.4418922955,-18.6517857044,3.20989340895,False,False
2017-08-01 02:00:00,173.36,197.5,173.36,193.01,151362.676563,48.680864611,100.0,84.8055750454,84.8055750454,-13.0782124458,-17.5370710527,4.45885860688,False,False
2017-08-02 02:00:00,193.01,195.45,182.5,183.99,83289.2329141,46.7209880316,89.0031273726,89.9055620792,89.9055620792,-11.7968312252,-16.3890230872,4.592191862,False,False
2017-08-03 02:00:00,183.99,193.6,183.56,191.9,50891.3337534,48.6473255845,99.6743127159,96.2258133628,96.2258133628,-10.0274660953,-15.1167116888,5.08924559347,False,False
2017-08-04 02:00:00,191.9,193.0,186.0,187.25,36868.5219172,47.572984862,85.8396607702,91.5057002862,91.5057002862,-8.89787841704,-13.8729450345,4.97506661742,False,False
2017-08-05 02:00:00,187.55,214.98,186.0,214.02,127603.813701,53.8122600016,100.0,95.1713244954,95.1713244954,-5.77597492643,-12.2535510129,6.47757608642,True,False
2017-08-06 02:00:00,214.0,231.99,211.06,225.0,104653.715018,56.0896071393,100.0,95.2798869234,95.2798869234,-2.38831863121,-10.2805045365,7.89218590532,True,False
2017-08-07 02:00:00,225.88,232.39,220.01,228.95,85583.9416471,56.9018480595,100.0,100.0,100.0,0.608145060272,-8.10277461717,8.71091967744,True,False
2017-08-08 02:00:00,228.94,255.98,226.0,252.0,124890.705596,61.3361513815,100.0,100.0,100.0,4.78761780932,-5.52469613187,10.3123139412,True,False
2017-08-09 02:00:00,252.33,269.98,240.99,252.5,166896.207065,61.4276198065,100.0,100.0,100.0,8.04745978867,-2.81026494776,10.8577247364,True,False
2017-08-10 02:00:00,252.54,268.18,249.1,253.0,88682.1520424,61.5243319986,100.0,100.0,100.0,10.5496441339,-0.138283131434,10.6879272653,True,False
2017-08-11 02:00:00,254.68,265.3,252.1,264.64,53347.5672663,63.7711663516,100.0,100.0,100.0,13.3183681179,2.55304711843,10.7653209995,True,False
2017-08-12 02:00:00,264.64,269.98,255.05,262.29,77479.8367892,62.9822214355,96.5569492343,98.8523164114,98.8523164114,15.1483556482,5.07210882439,10.0762468238,True,False
2017-08-13 02:00:00,262.29,262.89,242.0,252.54,76978.0844962,59.7250221317,82.3421386327,92.9663626223,92.9663626223,15.6316979509,7.18402664969,8.4476713012,True,False
2017-08-14 02:00:00,253.8,262.2,251.46,255.0,37096.4193493,60.2757555556,84.7456057171,87.8815645281,87.8815645281,16.0284852484,8.95291836944,7.07556687899,True,True
2017-08-15 02:00:00,255.0,256.0,227.0,244.16,77098.8662994,56.6489748783,66.1661991673,77.7513145057,77.7513145057,15.291968342,10.2207283639,5.07123997801,True,True
2017-08-16 02:00:00,243.5,261.24,239.3,258.0,62407.7307812,59.9204053703,81.7070517436,77.539618876,77.539618876,15.6447033202,11.3055233552,4.33917996498,True,True
2017-08-17 02:00:00,258.0,266.47,254.0,256.87,49426.0385483,59.530687326,78.7148668035,75.5293725715,75.5293725715,15.6526329661,12.1749452774,3.47768768874,True,True
2017-08-18 02:00:00,256.87,262.0,245.1,251.19,53141.3605075,57.5322703277,63.4086171604,74.6101785691,74.6101785691,15.0273626549,12.7454287529,2.28193390204,True,True
2017-08-19 02:00:00,251.19,254.89,241.22,250.59,27610.5155452,57.3163192555,62.1420552032,68.0885130557,68.0885130557,14.318363264,13.0600156551,1.25834760893,True,True
2017-08-20 02:00:00,250.93,255.55,247.36,255.55,26716.1551458,58.6786353059,68.5610940405,64.7039221347,64.7039221347,13.9953766955,13.2470878632,0.748288832332,True,True
2017-08-21 02:00:00,255.6,293.1,253.75,272.5,142617.998758,62.9699226382,95.0534958885,75.2522150441,75.2522150441,14.9349698205,13.5846642547,1.35030556587,True,True
2017-08-22 02:00:00,272.85,282.0,250.1,268.52,106950.464232,61.3796212043,75.9858656837,79.8668185376,79.8668185376,15.1834263165,13.904416667,1.27900964949,True,True
2017-08-23 02:00:00,268.45,279.44,267.2,271.95,46844.6928009,62.2525403265,80.2302373377,83.75653297,83.75653297,15.4786736987,14.2192680734,1.25940562531,True,True
2017-08-24 02:00:00,271.0,278.9,270.2,277.5,31833.0391912,63.6644816222,98.5020800158,84.9060610124,84.9060610124,15.9763327736,14.5706810134,1.40565176018,True,True
2017-08-25 02:00:00,277.32,286.0,276.43,277.9,51850.629517,63.7682617086,99.959217006,92.8971781198,92.8971781198,16.2160789688,14.8997606045,1.31631836429,True,True
2017-08-26 02:00:00,278.0,282.0,273.45,279.0,43875.9999938,64.0681256005,100.0,99.4870990072,99.4870990072,16.3068649739,15.1811814784,1.12568349553,True,True
2017-08-27 02:00:00,279.0,290.45,277.89,290.45,40981.4978969,67.0812691719,100.0,99.9864056687,99.9864056687,17.1055507047,15.5660553236,1.53949538107,True,True
2017-08-28 02:00:00,290.45,293.0,280.0,290.12,53726.6158744,66.9094526901,98.3530326409,99.4510108803,99.4510108803,17.5100417963,15.9548526182,1.55518917814,True,True
2017-08-29 02:00:00,290.12,310.0,289.8,309.0,92176.1900508,71.3674568011,100.0,99.4510108803,99.4510108803,19.1335030015,16.5905826948,2.54292030663,True,True
2017-08-30 02:00:00,309.0,324.47,305.0,321.0,97010.3237133,73.7552018138,100.0,99.4510108803,99.4510108803,21.1446648801,17.5013991319,3.64326574823,True,True
2017-08-31 02:00:00,320.99,329.0,318.5,326.3,59414.3708263,74.7435804894,100.0,100.0,100.0,22.9021886895,18.5815570434,4.32063164613,True,True
2017-09-01 02:00:00,326.3,332.17,325.2,327.32,61604.3253051,74.9365877152,100.0,100.0,100.0,24.0995399512,19.685153625,4.41438632622,True,True
2017-09-02 02:00:00,327.3,328.81,274.0,295.47,146889.481501,59.7801541559,13.9829589209,71.3276529736,71.3276529736,22.2222562963,20.1925741592,2.02968213709,True,True
2017-09-03 02:00:00,295.3,314.7,284.0,299.84,68200.2410333,60.9320795194,20.5204606967,44.8344732059,44.8344732059,20.8468089166,20.3234211107,0.523387805923,True,True
2017-09-04 02:00:00,299.94,300.0,235.15,258.5,182765.356704,47.3121564027,0.0,11.5011398725,11.5011398725,16.2338309534,19.5055030793,-3.27167212582,False,False
2017-09-05 02:00:00,258.88,288.0,240.0,273.48,118505.986683,51.4871492109,15.1134072625,11.8779559864,11.8779559864,13.629659262,18.3303343158,-4.7006750538,True,False
2017-09-06 02:00:00,273.49,292.73,273.0,287.08,82947.4073221,54.9319941888,27.5836910445,14.2323661023,14.2323661023,12.5189303384,17.1680535203,-4.64912318193,True,False
2017-09-07 02:00:00,287.4,287.5,273.0,280.7,60055.8589071,53.054219312,20.7861759916,21.1610914329,21.1610914329,10.997089383,15.9338606929,-4.93677130988,True,False
2017-09-08 02:00:00,280.7,288.0,250.0,259.88,106238.664009,47.4323379604,0.435055318603,16.2683074516,16.2683074516,8.01858619133,14.3508057926,-6.33221960122,False,False
2017-09-09 02:00:00,259.85,262.71,245.0,254.79,40248.694945,46.1617349889,0.0,7.07374377007,7.07374377007,5.18758128401,12.5181608908,-7.33057960684,False,False
2017-09-10 02:00:00,254.79,260.11,237.0,251.78,67350.6060081,45.3976418824,0.0,0.145018439535,0.145018439535,2.67032580068,10.5485938728,-7.87826807213,False,False
2017-09-11 02:00:00,251.38,288.0,243.14,250.2,56118.1531924,44.982376163,0.0,6.60582699652e-14,8.08519917683e-14,0.541646139374,8.54720432613,-8.00555818675,False,False
2017-09-12 02:00:00,250.2,267.48,241.31,245.33,110536.317619,43.6740469571,0.0,6.60582699652e-14,8.08519917683e-14,-1.52078546011,6.53360636888,-8.05439182899,False,False
2017-09-13 02:00:00,245.33,245.63,210.0,231.72,191691.235736,40.2020381558,0.0,6.60582699652e-14,8.08519917683e-14,-4.20501779064,4.38588153698,-8.59089932761,False,False
2017-09-14 02:00:00,231.72,288.0,188.0,188.01,252563.287106,31.6234122389,0.0,6.60582699652e-14,8.08519917683e-14,-9.746965995,1.55931203058,-11.3062780256,False,False
2017-09-15 02:00:00,188.01,227.8,167.22,218.9,319172.626148,41.0661984218,21.801186542,7.26706218067,7.26706218067,-11.5137121267,-1.05529280087,-10.4584193258,False,False
2017-09-16 02:00:00,218.9,228.8,206.0,214.33,104490.79002,40.1936738498,19.7867312121,13.8626392514,13.8626392514,-13.1312629464,-3.47048682997,-9.66077611639,False,False
2017-09-17 02:00:00,214.33,223.99,202.21,217.0,72687.6433867,40.9722009863,21.5841684305,21.0573620615,21.0573620615,-14.035939367,-5.58357733737,-8.45236202958,False,False
2017-09-18 02:00:00,217.29,252.5,217.26,251.35,145477.167565,49.8889153013,42.1707779712,27.8472258713,27.8472258713,-11.8446067692,-6.83578322374,-5.00882354548,False,False
2017-09-19 02:00:00,251.35,252.38,232.96,236.3,77768.4098702,46.6111575845,51.1375873974,38.2975112664,38.2975112664,-11.1933392722,-7.70729443343,-3.48604483876,False,False
2017-09-20 02:00:00,237.4,245.2,232.0,238.06,45266.0167848,47.0434697092,52.6126190685,48.6403281457,48.6403281457,-10.4151286774,-8.24886128222,-2.16626739518,False,False
2017-09-21 02:00:00,238.06,242.31,209.0,216.4,105758.192646,42.539325994,46.8321658459,50.1941241039,50.1941241039,-11.4145918447,-8.88200739472,-2.53258444999,False,False
2017-09-22 02:00:00,216.4,227.78,211.0,222.5,81535.306678,44.1396820521,53.6981178867,51.047634267,51.047634267,-11.5809565274,-9.42179722126,-2.15915930616,False,False
2017-09-23 02:00:00,222.5,239.9,219.0,239.87,64095.2019808,48.4809138492,72.3231539636,57.6178125654,57.6178125654,-10.1936814893,-9.57617407487,-0.617507414462,False,False
2017-09-24 02:00:00,239.87,245.69,232.78,237.51,42320.7633944,47.9430451024,76.1503419253,67.3905379252,67.3905379252,-9.17887988982,-9.49671523786,0.31783534804,False,False
2017-09-25 02:00:00,237.51,251.3,237.51,248.83,70510.5679505,50.7289160349,100.0,82.8244986296,82.8244986296,-7.37618484873,-9.07260916004,1.69642431131,True,False
2017-09-26 02:00:00,248.83,249.57,240.5,242.5,53924.4967824,49.1656592561,91.8177673016,89.3227030756,89.3227030756,-6.3847151174,-8.53503035151,2.15031523411,False,False
2017-09-27 02:00:00,242.5,266.58,241.94,261.75,82281.4782647,53.7689119437,100.0,97.2725891005,97.2725891005,-3.999549771,-7.62793423541,3.62838446441,True,False
2017-09-28 02:00:00,261.75,262.99,252.06,256.44,46265.2436212,52.3787809315,93.7227381148,95.1801684721,95.1801684721,-2.50884131133,-6.60411565059,4.09527433926,True,False
2017-09-29 02:00:00,256.0,257.31,235.31,245.93,71569.302923,49.6777855249,81.5261499022,91.749629339,91.749629339,-2.15072110719,-5.71343674191,3.56271563472,False,False
2017-09-30 02:00:00,245.93,258.17,244.94,254.8,26247.6953275,51.9018465784,91.5690980551,88.9393286907,88.9393286907,-1.13805460985,-4.7983603155,3.66030570565,True,False
2017-10-01 02:00:00,254.8,255.89,248.5,255.39,20723.3965701,52.0516143201,92.2453877919,88.4468785831,88.4468785831,-0.284620122072,-3.89561227681,3.61099215474,True,False
2017-10-02 02:00:00,255.39,257.02,250.0,251.71,23409.9650774,50.9992208024,79.5974765068,87.8039874513,87.8039874513,0.093707412476,-3.09774833896,3.19145575143,True,False
2017-10-03 02:00:00,251.71,255.0,245.0,248.43,34343.7906776,50.0410880872,72.5395324135,81.4607989041,81.4607989041,0.127397561624,-2.45271915884,2.58011672046,True,False
2017-10-04 02:00:00,248.43,251.57,246.01,249.17,20284.0016636,50.2650687191,72.6191891312,74.9187326838,74.9187326838,0.21137249259,-1.91990082855,2.13127332114,True,False
2017-10-05 02:00:00,249.17,253.69,246.0,251.63,26613.9276733,51.040365512,75.7021635172,73.6202950206,73.6202950206,0.470995330326,-1.44172159678,1.9127169271,True,False
2017-10-06 02:00:00,251.52,262.29,251.0,261.89,29716.969267,54.2039243881,100.0,82.7737842161,82.7737842161,1.48749760684,-0.855877756055,2.34337536289,True,False
2017-10-07 02:00:00,261.89,267.22,258.25,264.0,28223.5886346,54.8415138963,100.0,91.9007211724,91.9007211724,2.43527007297,-0.197648190249,2.63291826322,True,False
2017-10-08 02:00:00,263.75,265.25,260.18,261.15,21010.2614187,53.7672231151,91.2674819334,97.0891606445,97.0891606445,2.92272405558,0.426426258918,2.49629779667,True,False
2017-10-09 02:00:00,261.41,262.16,241.21,250.8,61179.909416,49.9888083758,54.6553749759,81.9742856364,81.9742856364,2.44568402423,0.83027781198,1.61540621225,False,False
2017-10-10 02:00:00,250.79,256.96,246.5,251.92,31337.5594162,50.3896482685,35.4658872737,60.4629147276,60.4629147276,2.13340839825,1.09090392923,1.04250446902,True,False
2017-10-11 02:00:00,251.92,256.72,251.55,255.08,19234.2916168,51.5536739991,52.3395699039,47.4869440512,47.4869440512,2.11651543318,1.29602623002,0.820489203161,True,False
2017-10-12 02:00:00,255.06,258.2,252.21,252.83,37134.5920914,50.6545224967,26.2315252066,38.0123274614,38.0123274614,1.89967319066,1.41675562215,0.48291756851,True,False
2017-10-13 02:00:00,252.93,289.7,249.0,283.51,119518.386683,60.6081504154,100.0,59.5236983701,59.5236983701,4.15554125489,1.9645127487,2.19102850619,True,False
2017-10-14 02:00:00,283.53,291.9,281.4,283.57,33665.743378,60.6246541891,100.0,75.4105084022,75.4105084022,5.88038898322,2.7476879956,3.13270098761,True,False
2017-10-15 02:00:00,282.67,286.8,270.0,280.99,63735.7883165,59.4860072008,89.5984228623,96.5328076208,96.5328076208,6.95894046287,3.58993848906,3.36900197381,True,False
2017-10-16 02:00:00,280.99,293.06,278.9,281.65,49695.3834166,59.6917793639,91.4781582401,93.6921937008,93.6921937008,7.77730483623,4.42741175849,3.34989307774,True,False
2017-10-17 02:00:00,281.65,281.98,263.47,268.54,57842.205723,53.9126796318,36.89289338,72.6564914941,72.6564914941,7.28403128447,4.99873566369,2.28529562078,True,False
2017-10-18 02:00:00,268.54,268.86,246.0,267.59,73428.0287284,53.5137822701,33.1423937141,53.8378151114,53.8378151114,6.73877102273,5.34674273549,1.39202828723,True,False
2017-10-19 02:00:00,267.6,269.5,259.0,260.18,26820.0902329,50.4219667774,4.07262768946,24.7026382612,24.7026382612,5.64366658948,5.40612750629,0.237539083185,True,True
2017-10-20 02:00:00,260.18,263.93,252.5,255.0,25206.6949312,48.347243726,0.0,12.4050071345,12.4050071345,4.30814412366,5.18653082976,-0.878386706106,False,False
2017-10-21 02:00:00,255.0,256.5,247.21,254.26,29414.4203325,48.0471623844,0.0,1.35754256315,1.35754256315,3.15366761484,4.77995818678,-1.62629057194,False,False
2017-10-22 02:00:00,254.26,259.79,247.51,250.44,13911.0875787,46.4653426168,0.0,3.73034936274e-14,2.9531932455e-14,1.90849465079,4.20566547958,-2.29717082879,False,False
2017-10-23 02:00:00,250.44,250.51,235.82,241.77,47798.5510149,43.0477201664,0.0,3.73034936274e-14,2.9531932455e-14,0.219558628797,3.40844410942,-3.18888548063,False,False
2017-10-24 02:00:00,241.78,266.49,238.61,252.21,51168.7740216,47.9461628325,27.8685842468,9.28952808228,9.28952808228,-0.273363424088,2.67208260272,-2.94544602681,False,False
2017-10-25 02:00:00,252.21,258.89,249.0,253.0,24978.7164259,48.3036515295,29.9024355231,19.25700659,19.25700659,-0.593420719948,2.01898193819,-2.61240265814,False,False
2017-10-26 02:00:00,252.76,256.59,250.96,254.29,19701.2431574,48.9123705532,33.3656050549,30.3788749416,30.3788749416,-0.734509248386,1.46828370087,-2.20279294926,False,False
2017-10-27 02:00:00,254.29,256.4,252.53,256.09,19430.0138787,49.7889038979,38.3524437357,33.8734947712,33.8734947712,-0.693088474388,1.03600926582,-1.72909774021,False,False
2017-10-28 02:00:00,256.09,256.29,250.71,253.57,11361.0153765,48.5498295257,31.3030096841,34.3403528249,34.3403528249,-0.853763497902,0.658054713077,-1.51181821098,False,False
2017-10-29 02:00:00,253.57,266.64,253.0,261.18,30324.0027433,52.3543596893,52.9480255823,40.867826334,40.867826334,-0.362853462217,0.453873078018,-0.816726540235,True,False
2017-10-30 01:00:00,261.18,264.99,260.11,263.0,21743.6374015,53.2331157244,57.9475097581,47.3995150082,47.3995150082,0.171082929984,0.397315048411,-0.226232118428,True,False
2017-10-31 01:00:00,263.0,265.97,258.51,261.57,22689.6780323,52.4259091112,53.3550898733,54.7502084046,54.7502084046,0.473385426095,0.412529123948,0.0608563021471,True,False
2017-11-01 01:00:00,261.15,261.77,249.2,249.94,41351.5843089,46.3523013358,19.8544185057,43.7190060457,43.7190060457,-0.222911882377,0.285440922683,-0.50835280506,False,False
2017-11-02 01:00:00,249.57,251.99,240.21,243.53,44590.7271872,43.4073933322,2.16097023861,25.1234928725,25.1234928725,-1.27724268665,-0.0270957991841,-1.25014688747,False,False
2017-11-03 01:00:00,243.2,264.0,243.2,261.1,38741.5225017,52.2437514009,84.6393515211,35.5515800884,35.5515800884,-0.687134425765,-0.1591035245,-0.528030901265,True,False
2017-11-04 01:00:00,261.1,262.17,254.21,256.82,15598.0329528,50.2144647789,68.4760375154,51.758786425,51.758786425,-0.55839280341,-0.238961380282,-0.319431423128,True,False
2017-11-05 01:00:00,256.95,258.05,252.05,254.35,12491.5170833,49.046317593,58.8941037435,70.6698309267,70.6698309267,-0.648200446255,-0.320809193477,-0.327391252778,False,False
2017-11-06 01:00:00,254.35,262.42,252.0,257.9,24342.7240414,50.7943288589,76.0560416957,67.8087276515,67.8087276515,-0.427984776731,-0.342244310128,-0.0857404666038,True,False
2017-11-07 01:00:00,257.9,262.0,246.6,251.24,50992.7710709,47.5432161667,44.1366854603,59.6956102998,59.6956102998,-0.781855864407,-0.430166620984,-0.351689243424,False,False
2017-11-08 01:00:00,251.24,275.15,250.27,267.15,65556.0863347,54.8742630049,100.0,73.3975757187,73.3975757187,0.218978535441,-0.300337589699,0.51931612514,True,False
2017-11-09 01:00:00,267.15,283.07,265.07,276.63,72289.2161567,58.5423227182,100.0,81.3788951534,81.3788951534,1.75685188535,0.11110030531,1.64575158004,True,False
2017-11-10 01:00:00,276.63,277.96,251.01,254.5,68892.4237715,48.7198647613,35.100734821,78.366911607,78.366911607,1.17636118359,0.324152480966,0.852208702621,False,False
2017-11-11 01:00:00,254.5,269.69,247.12,265.87,52080.2169622,53.0226233438,63.5300619276,66.2102655829,66.2102655829,1.61516349778,0.582354684328,1.03280881345,True,False
2017-11-12 01:00:00,265.82,267.0,250.0,261.05,61365.625082,51.0917057819,50.7720403162,49.8009456883,49.8009456883,1.55604663855,0.777093075174,0.778953563381,True,False
2017-11-13 01:00:00,261.01,273.0,260.02,270.5,34411.7900321,54.5403051674,73.5577388653,62.6199470364,62.6199470364,2.24584343958,1.07084314805,1.17500029152,True,False
2017-11-14 01:00:00,270.5,287.8,270.1,286.71,74381.8408456,59.717101588,100.0,74.7765930605,74.7765930605,4.05379428437,1.66743337532,2.38636090905,True,False
2017-11-15 01:00:00,286.71,288.2,278.27,281.09,43599.7292095,57.3129089558,85.2591315894,86.2722901516,86.2722901516,4.9757638148,2.32909946321,2.64666435159,True,False
2017-11-16 01:00:00,281.09,284.88,273.7,278.51,39928.6918709,56.2091109966,78.4913958218,87.9168424704,87.9168424704,5.43558878805,2.95039732818,2.48519145987,True,False
2017-11-17 01:00:00,278.78,284.0,277.27,282.8,18971.6142628,57.6500851829,87.3264660985,83.6923311699,83.6923311699,6.07612870967,3.57554360448,2.50058510519,True,False
2017-11-18 01:00:00,282.8,294.0,278.5,292.3,34556.0942285,60.6933108294,100.0,88.6059539734,88.6059539734,7.26656735243,4.31374835407,2.95281899836,True,False
2017-11-19 01:00:00,292.0,307.9,289.89,298.89,74614.0840411,62.670397584,100.0,95.7754886995,95.7754886995,8.64213532208,5.17942574767,3.46270957441,True,False
2017-11-20 01:00:00,298.89,314.0,296.92,306.7,60385.5626297,64.8938942224,100.0,100.0,100.0,10.2443935852,6.19241931519,4.05197427005,True,True
2017-11-21 01:00:00,306.7,314.0,298.95,306.01,51365.2817975,64.5330726851,97.9204182331,99.3068060777,99.3068060777,11.3279361722,7.21952268659,4.10841348562,True,True
2017-11-22 01:00:00,306.01,321.5,305.0,321.41,45869.3896186,68.6647159846,100.0,99.3068060777,99.3068060777,13.2762622882,8.43087060692,4.84539168132,True,True
2017-11-23 01:00:00,321.41,355.97,318.19,346.68,109487.164585,73.9545756694,100.0,99.3068060777,99.3068060777,16.667272638,10.0781510131,6.58912162484,True,True
2017-11-24 01:00:00,346.68,397.8,336.0,394.7,96845.5777826,80.5753589436,100.0,100.0,100.0,22.9647619702,12.6554732046,10.3092887657,True,True
2017-11-25 01:00:00,394.0,396.77,381.54,384.21,51884.1450434,76.0861890885,85.9077061265,95.3025687088,95.3025687088,26.8001765528,15.4844138742,11.3157626786,True,True
2017-11-26 01:00:00,384.18,386.76,371.16,383.0,39068.184775,75.570185056,84.287878697,90.0651949412,90.0651949412,29.403191664,18.2681694322,11.1350222318,True,True
2017-11-27 01:00:00,383.0,399.24,375.0,393.4,55838.4771482,76.9949627643,88.7605065589,86.3186971275,86.3186971275,31.9371414899,21.0019638437,10.9351776462,True,True
2017-11-28 01:00:00,393.33,394.1,385.52,387.99,45543.3660171,74.5905790505,79.7013624456,84.2499159005,84.2499159005,33.1269068351,23.426952442,9.69995439312,True,True
2017-11-29 01:00:00,389.0,427.58,338.2,361.1,153999.395018,64.0308409763,43.885793675,70.7825542265,70.7825542265,31.5364733382,25.0488566212,6.48761671699,True,True
2017-11-30 01:00:00,361.02,388.71,337.0,371.0,104748.770176,65.9182432378,43.702379754,55.7631786249,55.7631786249,30.7207607884,26.1832374547,4.53752333372,True,True
2017-12-01 01:00:00,370.87,397.0,358.0,387.3,52655.0829467,68.7837187454,51.6066641698,46.3982791996,46.3982791996,31.0318605195,27.1529620676,3.87889845191,True,True
2017-12-02 01:00:00,387.3,394.9,377.1,383.17,23414.9886323,67.2613094326,45.3586389669,46.8892276302,46.8892276302,30.5925014996,27.840869954,2.75163154555,True,True
2017-12-03 01:00:00,383.17,395.21,371.94,383.0,45786.6615648,67.1962637143,45.0916888871,47.3523306746,47.3523306746,29.8860805979,28.2499120828,1.6361685151,True,True
2017-12-04 01:00:00,382.92,394.0,379.02,390.55,39925.0653953,68.6278724425,47.8850868879,46.111804914,46.111804914,29.5943140157,28.5187924694,1.07552154632,True,True
2017-12-05 01:00:00,390.55,393.0,381.89,383.6,37870.8048284,65.818459799,25.7777716873,39.5848491541,39.5848491541,28.4740488699,28.5098437495,-0.035794879566,True,True
2017-12-06 01:00:00,384.0,385.99,351.0,353.0,69108.8351981,55.2397590206,0.0,24.5542861918,24.5542861918,24.8308320307,27.7740414057,-2.94320937503,True,True
2017-12-07 01:00:00,354.0,368.0,342.12,352.54,62668.9008891,55.0983138024,0.0,8.59259056244,8.59259056244,21.6567922617,26.5505915769,-4.89379931521,True,True
2017-12-08 01:00:00,354.9,383.45,342.4,371.99,59072.1703543,59.730666794,18.1824578395,6.06081927985,6.06081927985,20.4747748671,25.335428235,-4.86065336787,True,True
2017-12-09 01:00:00,371.99,411.0,368.33,384.24,67390.461517,62.3312212782,28.3898993611,15.5241190669,15.5241190669,20.2925700722,24.3268566024,-4.03428653017,True,True
2017-12-10 01:00:00,384.25,385.31,353.01,358.75,37806.7223591,54.5437070136,0.0,15.5241190669,15.5241190669,17.8851723547,23.0385197529,-5.15334739821,True,True
2017-12-11 01:00:00,358.75,412.0,357.24,410.0,62300.4580988,64.1200209109,36.7871924649,21.7256972753,21.7256972753,19.8835340021,22.4075226027,-2.52398860063,True,True
2017-12-12 01:00:00,410.0,509.0,401.0,508.84,163189.490097,74.9387264464,90.8413304771,42.5428409807,42.5428409807,29.1072813441,23.747474351,5.35980699308,True,True
2017-12-13 01:00:00,508.84,575.0,468.83,559.0,113440.416673,78.4434662244,100.0,75.876174314,75.876174314,40.0035246309,26.998684407,13.0048402239,True,True
2017-12-14 01:00:00,559.0,595.0,539.09,570.58,65372.0577037,79.1583965822,100.0,96.947110159,96.947110159,49.0083474381,31.4006170132,17.6077304249,True,True
2017-12-15 01:00:00,570.54,576.76,496.82,564.64,40521.6768382,77.7529685449,94.2902873774,98.0967624591,98.0967624591,55.0310622023,36.126706051,18.9043561513,True,True
2017-12-16 01:00:00,564.64,592.0,560.14,576.04,34870.6904184,78.5302632149,97.4481361401,97.2461411725,97.2461411725,60.0319804683,40.9077609345,19.1242195338,True,True
2017-12-17 01:00:00,574.99,597.74,574.1,582.04,32174.0576046,78.9417085016,99.1196798158,96.9527011111,96.9527011111,63.7445861699,45.4751259816,18.2694601884,True,True
2017-12-18 01:00:00,582.05,662.46,560.0,654.67,69506.8450077,83.1057728585,100.0,98.855938652,98.855938652,71.7207349541,50.7242477761,20.9964871781,True,True
2017-12-19 01:00:00,654.67,725.0,637.07,691.93,83305.2133098,84.7495150375,100.0,99.7065599386,99.7065599386,80.1248317514,56.6043645711,23.5204671803,True,True
2017-12-20 01:00:00,691.93,704.2,630.0,674.01,73729.6470428,80.7354559042,86.7109691944,95.5703230648,95.5703230648,84.3666189088,62.1568154387,22.2098034701,True,True
2017-12-21 01:00:00,674.01,699.62,563.72,631.9,81005.926128,72.1976587305,58.4455535932,81.7188409292,81.7188409292,83.3693111956,66.3993145901,16.9699966055,True,True
2017-12-22 01:00:00,631.9,640.0,400.0,557.82,169662.666994,60.2820962476,18.9976352542,54.7180526806,54.7180526806,75.7283514636,68.2651219648,7.46322949882,True,True
2017-12-23 01:00:00,557.82,628.96,550.07,587.53,58156.2787971,62.891804096,27.6373903846,35.026859744,35.026859744,71.2488718848,68.8618719488,2.38699993604,True,True
2017-12-24 01:00:00,590.02,593.51,508.01,573.96,48112.8237522,60.9483527196,21.2033583107,22.6127946498,22.6127946498,65.8448480338,68.2584671658,-2.41361913197,True,True
2017-12-25 01:00:00,573.96,627.79,571.32,605.0,49816.3490442,63.6763265092,30.2346472188,26.3584653047,26.3584653047,63.3366829308,67.2741103188,-3.937427388,True,True
2017-12-26 01:00:00,603.45,630.0,602.73,623.97,26162.2388796,65.2524824222,35.4527030035,28.963569511,28.963569511,62.1630871044,66.2519056759,-4.08881857149,True,True
2017-12-27 01:00:00,623.94,628.99,595.64,623.8,39199.315895,65.2255337368,35.3634861043,33.6836121089,33.6836121089,60.5216306923,65.1058506792,-4.58421998692,True,True
2017-12-28 01:00:00,623.8,624.95,585.1,607.69,50814.7824531,62.6215405127,9.56146737499,26.7925521609,26.7925521609,57.2607559455,63.5368317324,-6.27607578694,True,True
2017-12-29 01:00:00,607.69,639.87,604.89,629.76,40530.9631979,64.6743475664,17.9514290269,20.9587941687,20.9587941687,55.8139651217,61.9922584103,-6.17829328857,True,True
2017-12-30 01:00:00,629.0,630.6,580.0,587.36,45207.119102,58.1549713855,0.0,9.17096546731,9.17096546731,50.6620467826,59.7262160848,-9.06416930213,True,True
2017-12-31 01:00:00,588.9,639.0,586.0,639.0,26327.4354966,62.9835378085,18.1562296621,12.0358862297,12.0358862297,50.1677284625,57.8145185603,-7.64679009784,True,True
2018-01-01 01:00:00,639.0,650.0,620.3,638.01,30981.9815036,62.8358448809,17.6008791751,11.9190362791,11.9190362791,49.129755665,56.0775659813,-6.94781031622,True,True
2018-01-02 01:00:00,638.01,731.94,638.01,713.0,93620.3402877,68.736124096,39.7869309169,25.1813465847,25.1813465847,53.738754121,55.6098036092,-1.8710494882,True,True
2018-01-03 01:00:00,713.0,781.0,703.07,779.44,60739.1767258,72.8010745411,55.0718348365,37.4865483095,37.4865483095,62.037442323,56.895331352,5.14211097106,True,True
2018-01-04 01:00:00,779.22,831.49,750.26,791.98,68129.151055,73.4922404538,57.6707360313,50.8431672616,50.8431672616,68.8326260446,59.2827902905,9.54983575408,True,True
2018-01-05 01:00:00,791.98,840.0,768.0,807.55,70948.4124032,74.3520518676,60.9037729468,57.8821146049,57.8821146049,74.6141218259,62.3490565976,12.2650652283,True,True
2018-01-06 01:00:00,807.55,835.0,794.04,830.56,33426.176576,75.5950352242,77.2351178924,65.2698756235,65.2698756235,80.1290359358,65.9050524652,14.2239834706,True,True
2018-01-07 01:00:00,830.56,899.02,818.0,899.02,55209.5845559,78.8371996515,100.0,79.3796302797,79.3796302797,88.9978827633,70.5236185248,18.4742642385,True,True
2018-01-08 01:00:00,899.02,989.68,806.9,959.0,109620.898599,81.1663133854,100.0,92.4117059641,92.4117059641,99.7169179386,76.3622784076,23.354639531,True,True
2018-01-09 01:00:00,958.2,1079.5,952.12,1069.01,85748.472268,84.4922943075,100.0,100.0,100.0,115.754373783,84.2406974827,31.5136763005,True,True
2018-01-10 01:00:00,1070.0,1150.4,1000.0,1031.03,80312.7289785,79.3519328531,80.482596999,93.4941989997,93.4941989997,123.970450313,92.1866480489,31.7838022646,True,True
2018-01-11 01:00:00,1031.02,1099.24,961.02,1003.88,20839.653532,75.8471614271,67.1753545112,82.5526505034,82.5526505034,126.82896668,99.115111775,27.7138549047,True,True
2018-01-12 01:00:00,1003.88,1010.0,1002.92,1006.0,0.1,75.9353427957,67.5101697424,71.7227070842,71.7227070842,127.792317489,104.850552918,22.9417645711,True,True
2018-01-13 01:00:00,700.0,1497.09,700.0,1141.31,30709.8473501,80.711072237,85.6431039644,73.4428760726,73.4428760726,137.884716926,111.45738572,26.4273312069,True,True
2018-01-14 01:00:00,1143.58,1150.0,1042.07,1119.0,41048.4385195,77.9993232612,75.3468829557,76.1667188875,76.1667188875,142.440816578,117.654071891,24.7867446865,True,True
2018-01-15 01:00:00,1119.3,1147.31,1040.0,1045.89,54072.1127763,69.8303623853,44.330211671,68.440066197,68.440066197,138.5550164,121.834260793,16.7207556075,True,True
2018-01-16 01:00:00,1045.89,1048.36,706.0,859.08,228148.557018,54.3708891447,0.0,39.8923648755,39.8923648755,119.029389294,121.273286493,-2.24389719913,True,True
2018-01-17 01:00:00,862.44,910.0,620.0,842.31,202139.336468,53.2465337241,0.0,14.7767372237,14.7767372237,101.037295244,117.226088243,-16.188792999,True,True
2018-01-18 01:00:00,843.0,922.0,791.56,849.92,111151.493395,53.7080880587,1.47717426637,0.492391422124,0.492391422124,86.3965686216,111.060184319,-24.6636156975,True,True
2018-01-19 01:00:00,849.91,915.91,826.19,863.15,68080.2760993,54.537117799,4.13042937922,1.8692012152,1.8692012152,74.9967221949,103.847491894,-28.8507696994,True,True
2018-01-20 01:00:00,864.83,959.8,861.89,948.95,64090.8011767,59.5310568481,20.1132025808,8.57360207545,8.57360207545,72.0549995278,97.488993421,-25.4339938931,True,True
2018-01-21 01:00:00,948.95,950.0,833.0,868.0,77661.7118065,53.6260478016,1.21460982357,8.48608059452,8.48608059452,62.4715416032,90.4855030574,-28.0139614542,True,True
2018-01-22 01:00:00,868.15,899.33,750.0,819.21,106245.141478,50.4231030519,0.0,7.10927080144,7.10927080144,50.3591282252,82.460228091,-32.1010998658,True,True
2018-01-23 01:00:00,819.92,839.13,736.91,803.49,70631.3623693,49.4127723749,0.0,0.404869941189,0.404869941189,39.0414353709,73.7764695469,-34.7350341761,False,False
2018-01-24 01:00:00,801.0,865.99,780.01,860.16,54827.6334422,53.0184810477,10.2786710713,3.42622369043,3.42622369043,34.250064213,65.8711884802,-31.6211242672,True,False
2018-01-25 01:00:00,860.13,894.97,828.77,847.78,63546.1195467,52.1556075408,7.81890691432,6.03252599521,6.03252599521,29.1182484715,58.5206004784,-29.4023520069,True,False
2018-01-26 01:00:00,847.74,870.0,797.85,849.03,60693.3984344,52.2389970847,8.05662265078,8.7180668788,8.7180668788,24.8654783211,51.789576047,-26.9240977259,True,False
2018-01-27 01:00:00,849.03,900.0,835.06,891.46,45238.7980236,55.0636819106,18.0550047785,11.3101781145,11.3101781145,24.6348979659,46.3586404308,-21.7237424648,True,False
2018-01-28 01:00:00,891.46,990.02,885.65,985.0,89306.1294004,60.5313495616,35.5245404246,20.5453892846,20.5453892846,31.6353846055,43.4139892657,-11.7786046602,True,False
2018-01-29 01:00:00,985.1,993.0,925.98,943.42,52163.0331282,57.2418176971,25.0142830657,26.1979427563,26.1979427563,33.4426560797,41.4197226285,-7.97706654881,True,False
2018-01-30 01:00:00,943.42,953.99,830.5,855.0,106199.950663,50.9819500844,5.01361964205,21.8508143775,21.8508143775,27.4240493307,38.6205879689,-11.1965386383,True,False
2018-01-31 01:00:00,855.0,899.99,822.01,888.98,80877.7638916,53.077207495,12.8187382056,14.2822136378,14.2822136378,25.1067471845,35.917819812,-10.8110726276,True,False
2018-02-01 01:00:00,888.98,925.0,750.0,811.4,131736.309357,48.090686293,0.0,5.94411928254,5.94411928254,16.8163623442,32.0975283185,-15.2811659743,False,False
2018-02-02 01:00:00,811.4,811.4,581.29,738.02,257534.276434,43.9418629722,0.0,4.27291273519,4.27291273519,4.27573191557,26.5331690379,-22.2574371223,False,False
2018-02-03 01:00:00,738.02,804.72,677.4,783.29,67599.3267887,46.9422319628,18.0859665211,6.02865550704,6.02865550704,-1.98699257314,20.8291367157,-22.8161292888,False,False
2018-02-04 01:00:00,783.29,783.29,623.0,658.73,100397.626406,40.5909389537,0.0,6.02865550704,6.02865550704,-16.807452015,13.3018189695,-30.1092709846,False,False
2018-02-05 01:00:00,658.73,683.24,501.0,546.46,273051.433478,35.9347831525,0.0,6.02865550704,6.02865550704,-37.183396569,3.20477586183,-40.3881724309,False,False
2018-02-06 01:00:00,546.86,649.99,446.23,631.53,350333.354444,41.3510527814,22.0204297574,7.34014325248,7.34014325248,-45.9375024553,-6.6236798016,-39.3138226537,False,False
2018-02-07 01:00:00,631.51,706.99,577.0,612.13,150395.220566,40.5209875325,18.6457097454,13.5553798343,13.5553798343,-53.8202064693,-16.0629851351,-37.7572213341,False,False
2018-02-08 01:00:00,612.0,694.35,603.0,668.24,80475.257712,43.9768815719,32.6960205973,24.4540533667,24.4540533667,-54.9067670902,-23.8317415262,-31.0750255641,False,False
2018-02-09 01:00:00,666.62,720.0,640.8,715.49,77406.0044362,46.7453809731,43.9516542299,31.7644615242,31.7644615242,-51.3631121113,-29.3380156432,-22.0250964682,False,False
2018-02-10 01:00:00,715.49,745.0,669.5,695.6,68718.6469739,45.7345387665,39.8419659517,38.8298802596,38.8298802596,-49.5880763061,-33.3880277758,-16.2000485303,False,False
2018-02-11 01:00:00,695.6,699.0,636.21,661.2,47521.3135094,43.9866331306,32.7356666137,38.8430955984,38.8430955984,-50.3764319994,-36.7857086205,-13.5907233789,False,False
2018-02-12 01:00:00,661.2,713.23,660.25,703.8,42371.5279494,46.6685021046,43.6390948783,38.7389091479,38.7389091479,-47.0217086023,-38.8329086169,-8.18879998548,False,False
2018-02-13 01:00:00,703.8,706.32,670.55,679.89,30608.8425539,45.3729879179,38.3720418876,38.2489344599,38.2489344599,-45.7648545608,-40.2192978056,-5.54555675513,False,False
2018-02-14 01:00:00,680.0,744.77,678.3,740.46,42513.303907,49.1708410931,53.8126245769,45.2745871143,45.2745871143,-39.4268081799,-40.0607998805,0.633991700561,False,False
2018-02-15 01:00:00,740.38,767.0,727.14,745.9,52082.8125097,49.5058390428,63.6928422013,51.9591695553,51.9591695553,-33.5778338567,-38.7642066757,5.18637281902,False,False
2018-02-16 01:00:00,745.33,759.99,730.25,756.11,22379.5246112,50.160860523,82.9875464884,66.8310044222,66.8310044222,-27.7981778046,-36.5710009015,8.77282309695,True,False
2018-02-17 01:00:00,756.11,789.83,754.23,789.83,21703.4068104,52.330777956,95.6457177578,80.7753688159,80.7753688159,-20.2632543699,-33.3094515952,13.0461972253,True,False
2018-02-18 01:00:00,789.83,793.0,735.92,740.26,29343.9381953,48.9986829759,79.6773845076,86.1035495846,86.1035495846,-18.0832060451,-30.2642024852,12.1809964401,False,False
2018-02-19 01:00:00,740.26,769.98,736.66,758.58,24375.5485683,50.2427730883,87.2651529068,87.5294183907,87.5294183907,-14.7076900522,-27.1528999986,12.4452099464,True,False
2018-02-20 01:00:00,758.58,775.5,711.0,718.64,35163.622086,47.5556702701,70.8763771695,79.2729715279,79.2729715279,-15.0815428777,-24.7386285744,9.65708569671,False,False
2018-02-21 01:00:00,718.64,737.32,654.19,684.24,65991.0845205,45.3367563803,57.3431093418,71.8282131393,71.8282131393,-17.9467376227,-23.3802503841,5.43351276136,False,False
2018-02-22 01:00:00,684.24,712.7,638.69,653.0,71364.2855107,43.3835645665,45.4304938694,57.8833267935,57.8833267935,-22.479106866,-23.2000216804,0.720914814477,False,False
2018-02-23 01:00:00,653.0,715.92,637.92,694.59,40644.8731273,46.6355833848,51.7756508208,51.5164180106,51.5164180106,-22.4562154541,-23.0512604352,0.595044981075,False,False
2018-02-24 01:00:00,694.59,712.49,658.34,677.81,28382.4190549,45.5148668519,42.2859266788,46.497357123,46.497357123,-23.5209447986,-23.1451973078,-0.375747490742,False,False
2018-02-25 01:00:00,677.81,693.69,666.01,683.64,18196.7507857,45.9939668624,29.1755900105,41.0790558367,41.0790558367,-23.6220182759,-23.2405615015,-0.38145677446,False,False
2018-02-26 01:00:00,683.63,715.0,678.36,702.6,31485.4486685,47.586505567,46.9748604119,39.478792367,39.478792367,-21.9195314758,-22.9763554963,1.05682402052,False,False
2018-02-27 01:00:00,702.6,725.0,698.18,710.08,23114.149552,48.2264581515,54.1273955834,43.4259486686,43.4259486686,-19.7391839091,-22.3289211789,2.58973726982,False,False
2018-02-28 01:00:00,710.08,724.99,693.23,695.21,23968.9946028,47.0139906465,40.576053369,47.2261031214,47.2261031214,-18.9921972524,-21.6615763936,2.6693791412,False,False
2018-03-01 01:00:00,695.21,718.03,691.16,706.41,18022.0553375,48.0590256219,52.2560584155,48.986502456,48.986502456,-17.2970687065,-20.7886748562,3.49160614965,False,False
2018-03-02 01:00:00,707.32,711.22,688.94,693.41,13844.4915804,46.9178256319,39.5012492891,44.1111203579,44.1111203579,-16.8088959859,-19.9927190821,3.18382309621,False,False
2018-03-03 01:00:00,693.22,701.39,687.0,689.0,10193.5821499,46.5196747852,35.0512509561,42.2695195536,42.2695195536,-16.5866649827,-19.3115082622,2.72484327951,False,False
2018-03-04 01:00:00,689.16,699.0,680.0,698.5,10357.7445358,47.5386489941,46.4399835651,40.3308279368,40.3308279368,-15.4656957924,-18.5423457683,3.07664997587,False,False
2018-03-05 01:00:00,698.5,703.99,686.14,686.14,12404.0580298,46.318679076,32.8047893988,38.09867464,38.09867464,-15.3971792382,-17.9133124623,2.51613322402,False,False
2018-03-06 01:00:00,686.14,688.7,645.64,655.32,26031.4501513,43.3699535706,0.0,26.4149243213,26.4149243213,-17.6266072458,-17.855971419,0.229364173166,False,False
2018-03-07 01:00:00,655.0,664.0,585.0,609.3,44655.2400913,39.3914224202,0.0,10.9349297996,10.9349297996,-22.8435481948,-18.8534867741,-3.99006142066,False,False
2018-03-08 01:00:00,608.8,628.91,560.0,568.06,43171.08037,36.227182901,0.0,1.65793305011e-14,9.7699626167e-14,-29.9603703264,-21.0748634846,-8.88550684181,False,False
2018-03-09 01:00:00,568.52,595.0,522.92,590.01,57118.9399937,38.9982972751,23.0940145652,7.69800485507,7.69800485508,-33.4438022492,-23.5486512375,-9.89515101165,False,False
2018-03-10 01:00:00,590.01,608.39,549.57,553.91,27810.0025341,36.246087107,0.157544565207,7.75051971014,7.75051971014,-38.6716329322,-26.5732475764,-12.0983853558,False,False
2018-03-11 01:00:00,553.91,594.77,537.62,585.44,23400.3414307,40.1647573046,32.8151019237,18.688887018,18.688887018,-39.8115956277,-29.2209171867,-10.590678441,False,False
2018-03-12 01:00:00,585.44,599.97,550.01,565.75,27906.1476166,38.5908926654,19.698771093,17.557139194,17.557139194,-41.821747647,-31.7410832788,-10.0806643682,False,False
2018-03-13 01:00:00,565.74,579.99,550.22,558.24,25176.7490261,37.9876557861,14.6714934723,22.395122163,22.395122163,-43.5191402814,-34.0966946793,-9.42244560214,False,False
2018-03-14 01:00:00,557.49,567.0,470.4,495.0,75133.2580435,33.3266882134,0.0,11.4567548551,11.4567548551,-49.3978480118,-37.1569253458,-12.240922666,False,False
2018-03-15 01:00:00,495.69,504.67,462.0,497.0,62142.1207973,33.6004455869,1.83732617758,5.50293988328,5.50293988328,-53.2811905582,-40.3817783883,-12.8994121699,False,False
2018-03-16 01:00:00,496.97,508.1,474.06,487.96,43551.4895157,32.9506963646,0.0,0.612442059193,0.612442059193,-56.4376419486,-43.5929511003,-12.8446908483,False,False
2018-03-17 01:00:00,487.96,499.41,440.52,446.5,54217.0194121,30.1131275576,0.0,0.612442059193,0.612442059193,-61.5748315913,-47.1893271985,-14.3855043928,False,False
2018-03-18 01:00:00,446.5,450.0,367.0,438.2,194107.196892,29.5714606374,0.0,1.63572858961e-14,9.51461132104e-14,-65.560096051,-50.863480969,-14.696615082,False,False
2018-03-19 01:00:00,438.33,456.59,419.16,449.9,89867.3423583,31.4190964054,10.2833884261,3.42779614203,3.42779614203,-67.0019973109,-54.0911842374,-12.9108130735,False,False
2018-03-20 01:00:00,450.42,467.29,421.0,457.27,56406.9573534,32.6024709392,16.8696973704,9.05102859882,9.05102859883,-66.7802162774,-56.6289906454,-10.151225632,False,False
2018-03-21 01:00:00,457.27,483.58,441.0,454.48,62199.8969535,32.377756272,15.6190027003,14.2573628323,14.2573628323,-66.0679922052,-58.5167909574,-7.55120124783,False,False
2018-03-22 01:00:00,454.27,467.0,420.3,438.8,37609.0172776,31.0978389769,9.11422004247,13.8676400377,13.8676400377,-66.007896511,-60.0150120681,-5.99288444289,False,False
2018-03-23 01:00:00,438.27,441.32,400.0,441.32,44875.7701324,31.5598259023,14.4100176338,13.0477467922,13.0477467922,-65.007560608,-61.0135217761,-3.99403883191,False,False
2018-03-24 01:00:00,441.41,444.0,420.2,420.91,29051.5781039,29.8381922162,2.51792796051,8.68072187893,8.68072187893,-65.1111428993,-61.8330460007,-3.27809689856,False,False
2018-03-25 01:00:00,422.01,434.84,415.9,425.03,18741.4260271,30.6495983447,10.1775466236,9.03516407264,9.03516407264,-64.1216288209,-62.2907625648,-1.83086625619,False,False
2018-03-26 02:00:00,425.03,427.6,375.0,390.44,66644.4328207,27.7834062906,0.0,4.23182486137,4.23182486137,-65.3749539297,-62.9076008377,-2.46735309197,False,False
2018-03-27 02:00:00,390.44,396.39,360.6,362.51,71539.3833922,25.7199295091,0.0,3.3925155412,3.3925155412,-67.8399242693,-63.8940655241,-3.94585874523,False,False
2018-03-28 02:00:00,362.52,377.12,355.91,361.55,41239.8595544,25.6503571469,0.0,1.71714494475e-14,9.1926466439e-14,-69.0746454838,-64.930181516,-4.14446396783,False,False
2018-03-29 02:00:00,361.55,364.12,307.1,311.21,163479.857518,22.2909242674,0.0,1.71714494475e-14,9.1926466439e-14,-73.2705707034,-66.5982593535,-6.67231134991,False,False
2018-03-30 02:00:00,311.21,334.1,291.7,318.41,159216.710092,23.8073935112,9.66105104112,3.22035034704,3.22035034704,-75.1486252691,-68.3083325366,-6.8402927325,False,False
2018-03-31 02:00:00,318.41,339.72,315.11,319.09,54639.8764118,23.956305761,14.7254817118,8.12884425098,8.12884425098,-75.7093959372,-69.7885452167,-5.92085072046,False,False
2018-04-01 02:00:00,319.09,324.23,290.5,306.7,59702.61142,23.0829324675,7.00302141594,10.463184723,10.463184723,-76.2743371052,-71.0857035944,-5.18863351078,False,False
2018-04-02 02:00:00,306.69,319.0,303.92,312.29,36400.2328395,24.4040696531,19.8235512576,13.8506847951,13.8506847951,-75.4018056886,-71.9489240133,-3.45288167536,False,False
2018-04-03 02:00:00,312.29,346.0,309.52,339.2,69387.1095638,30.509050072,79.6982845172,35.5082857303,35.5082857303,-71.7122519498,-71.9015896006,0.189337650735,False,False
2018-04-04 02:00:00,339.2,340.17,301.5,307.82,53875.890471,27.7340248213,52.7864609172,50.7694322307,50.7694322307,-70.5075901665,-71.6227897138,1.11519954729,False,False
2018-04-05 02:00:00,307.82,318.03,298.82,310.83,55461.3720151,28.3977789608,59.2234597559,63.9027350635,63.9027350635,-68.5201475708,-71.0022612852,2.4821137144,False,False
2018-04-06 02:00:00,310.83,314.26,296.05,301.09,58906.0789426,27.5284647742,50.792967083,54.267629252,54.267629252,-66.9591581004,-70.1936406482,3.23448254782,False,False
2018-04-07 02:00:00,301.09,320.31,300.69,313.0,37117.1038269,30.3005310238,79.4065644468,63.1409970952,63.1409970952,-64.0230078532,-68.9595140892,4.93650623599,False,False
2018-04-08 02:00:00,313.0,329.68,313.0,326.03,28122.6711822,33.2676447318,100.0,76.7331771766,76.7331771766,-59.9535681114,-67.1583248936,7.20475678226,False,False
2018-04-09 02:00:00,326.03,353.0,315.04,324.04,84344.956711,33.0394137217,97.9207723215,92.4424455894,92.4424455894,-56.2407755147,-64.9748150178,8.73403950319,False,False
2018-04-10 02:00:00,323.84,338.7,318.53,336.2,29726.857793,35.8947397375,100.0,99.3069241072,99.3069241072,-51.7209434173,-62.3240406977,10.6030972804,False,False
2018-04-11 02:00:00,336.2,350.28,332.05,347.47,46458.381685,38.4781028498,100.0,99.3069241072,99.3069241072,-46.6913206241,-59.197496683,12.5061760589,False,False
2018-04-12 02:00:00,347.32,403.14,335.17,400.84,110619.39175,48.8496316433,100.0,100.0,100.0,-37.9612022462,-54.9502377956,16.9890355495,False,False
2018-04-13 02:00:00,400.96,430.22,390.6,401.16,111071.526832,48.9045070012,100.0,100.0,100.0,-30.6632325513,-50.0928367468,19.4296041955,False,False
2018-04-14 02:00:00,400.7,418.51,395.1,408.46,45462.1388471,50.1994904201,100.0,100.0,100.0,-24.0136752969,-44.8770044568,20.8633291599,True,False
2018-04-15 02:00:00,408.46,433.9,408.46,433.0,43508.9641705,54.333399617,100.0,100.0,100.0,-16.5726412623,-39.2161318179,22.6434905556,True,False
2018-04-16 02:00:00,433.0,436.0,401.01,412.75,76244.1666866,50.6473333525,88.2047642781,96.0682547594,96.0682547594,-12.1692938988,-33.8067642341,21.6374703353,True,False
2018-04-17 02:00:00,412.75,422.05,404.94,406.49,42185.4424428,49.5433565949,84.6720914629,90.9589519137,90.9589519137,-9.08006968076,-28.8614253234,19.7813556427,False,False
2018-04-18 02:00:00,406.3,424.95,404.83,424.0,27057.8609146,52.6131021318,94.4951303385,89.1239953598,89.1239953598,-5.15945162181,-24.1210305831,18.9615789613,True,False
2018-04-19 02:00:00,424.0,489.0,421.24,460.04,56450.4061155,58.1775385586,100.0,93.0557406005,93.0557406005,0.846040608103,-19.1276163449,19.973656953,True,False
2018-04-20 02:00:00,460.01,507.19,452.65,503.8,79436.4886381,63.6797052122,100.0,98.1650434462,98.1650434462,9.03238306051,-13.4956164638,22.5279995243,True,False
2018-04-21 02:00:00,503.26,512.49,469.5,493.03,58836.8238719,61.5618175839,94.1415907098,98.0471969033,98.0471969033,14.4841056878,-7.89967203347,22.3837777212,True,False
2018-04-22 02:00:00,493.03,525.15,482.7,505.96,54627.3294096,63.1261606056,98.4688088157,97.5367998418,97.5367998418,19.6217903024,-2.39537956629,22.0171698687,True,False
2018-04-23 02:00:00,506.18,531.75,503.23,527.71,50461.6229966,65.6264120534,100.0,97.5367998418,97.5367998418,25.1584743703,3.11539122102,22.0430831493,True,False
2018-04-24 02:00:00,527.71,582.59,527.02,575.22,84361.2188419,70.3002423646,100.0,99.4896029386,99.4896029386,32.9995975076,9.09223247833,23.9073650292,True,False
2018-04-25 02:00:00,575.13,575.75,474.1,506.7,166226.546332,58.1783427597,67.4674449109,89.1558149703,89.1558149703,33.3008809056,13.9339621638,19.3669187418,True,False
2018-04-26 02:00:00,506.92,549.0,492.3,545.27,71153.1891285,62.0881068667,77.9604056136,81.8092835082,81.8092835082,36.2342410505,18.3940179411,17.8402231094,True,False
2018-04-27 02:00:00,545.26,567.12,526.94,530.56,63462.8028391,59.8218902416,69.5445457181,71.6574654142,71.6574654142,36.9460845708,22.1044312671,14.8416533037,True,True
2018-04-28 02:00:00,530.56,572.0,526.9,562.25,47078.6917957,62.91983169,76.8073084111,74.7707532476,74.7707532476,39.6107359378,25.6056922012,14.0050437366,True,True
2018-04-29 02:00:00,562.3,576.99,550.0,569.0,36230.5134992,63.5557814664,68.5581870564,71.6366803952,71.6366803952,41.7854828955,28.8416503401,12.9438325554,True,True
2018-04-30 02:00:00,569.01,571.9,546.65,553.4,34715.445073,60.9873348619,56.4730665033,67.2795206569,67.2795206569,41.7687121884,31.4270627097,10.3416494786,True,True
2018-05-01 02:00:00,553.41,560.0,520.01,556.9,58074.1205205,61.3595805666,56.9267668704,60.6526734767,60.6526734767,41.5587783046,33.4534058287,8.10537247587,True,True
2018-05-02 02:00:00,557.18,577.03,551.6,573.0,35241.5250365,63.0812805466,65.221363657,59.5403990102,59.5403990102,42.2050263636,35.2037299357,7.00129642796,True,True
2018-05-03 02:00:00,573.49,656.0,571.5,645.96,104175.249902,69.6026555597,96.6392511253,72.9291272176,72.9291272176,48.0505480468,37.7730935579,10.2774544889,True,True
2018-05-04 02:00:00,645.84,674.34,631.2,651.98,68652.6461719,70.0662038123,98.872477524,86.9110307688,86.9110307688,52.5630160545,40.7310780572,11.8319379972,True,True
2018-05-05 02:00:00,651.98,690.0,649.6,680.0,50416.3580565,72.1653633138,100.0,98.5039095498,98.5039095498,57.7346304074,44.1317885273,13.6028418801,True,True
2018-05-06 02:00:00,680.0,694.8,626.6,657.62,57393.5181496,68.1118887228,71.0214085326,89.9646286855,89.9646286855,59.343221363,47.1740750944,12.1691462686,True,True
2018-05-07 02:00:00,657.51,659.98,583.0,632.04,101434.71187,63.7624516069,39.923504978,70.3149711702,70.3149711702,57.8866675948,49.3165935945,8.57007400032,True,True
2018-05-08 02:00:00,631.67,649.89,606.8,629.18,44598.8924069,63.2824004625,36.4913863041,49.1454332716,49.1454332716,55.8576677183,50.6248084193,5.23285929907,True,True
2018-05-09 02:00:00,629.2,640.0,591.0,632.97,57889.215154,63.6675411562,39.244944091,38.5532784577,38.5532784577,53.9337770149,51.2866021384,2.64717487651,True,True
2018-05-10 02:00:00,633.57,645.25,607.12,607.73,36515.7604008,59.2685931838,7.79472954809,27.8436866477,27.8436866477,49.7983780078,50.9889573123,-1.1905793045,True,True
2018-05-11 02:00:00,607.7,617.77,555.62,566.09,78914.129433,52.8659789542,0.0,15.679891213,15.679891213,42.6691807457,49.3250019989,-6.65582125327,True,True
2018-05-12 02:00:00,566.09,579.0,533.95,571.53,53438.6534191,53.5623173988,3.60808630798,3.80093861869,3.80093861869,37.0313289791,46.866267395,-9.83493841585,True,True
2018-05-13 02:00:00,572.14,619.9,559.96,610.22,51572.5577725,58.2259200838,27.772601601,10.460229303,10.460229303,35.2785809685,44.5487301097,-9.27014914115,True,True
2018-05-14 02:00:00,610.39,621.74,571.63,609.6,77014.7874159,58.1265290304,27.257605622,19.5460978437,19.5460978437,33.4538515475,42.3297543973,-8.87590284975,True,True
2018-05-15 02:00:00,609.07,624.36,587.5,597.07,36629.9514631,56.0713015827,16.6084190499,23.879542091,23.879542091,30.6434356017,39.9924906381,-9.34905503644,True,True
2018-05-16 02:00:00,597.24,602.97,572.87,598.78,38357.1937918,56.2953732238,17.7694490443,20.5451579054,20.5451579054,28.2287400818,37.6397405269,-9.41100044511,True,True
2018-05-17 02:00:00,598.78,609.8,559.72,567.9,40670.2570044,51.2769123172,0.0,11.4592893647,11.4592893647,23.5518277504,34.8221579716,-11.2703302212,True,True
2018-05-18 02:00:00,567.39,588.98,557.2,588.12,31061.0622121,54.1222434353,13.6215515386,10.463666861,10.463666861,21.2321747529,32.1041613278,-10.871986575,True,True
2018-05-19 02:00:00,588.12,609.83,579.76,592.05,24789.4306678,54.6689249232,16.2386986308,9.95341672313,9.95341672313,19.4863249713,29.5805940565,-10.0942690852,True,True
2018-05-20 02:00:00,591.48,613.89,584.8,607.15,25762.597861,56.771796348,26.3058473394,18.7220325029,18.7220325029,19.100985969,27.484672439,-8.38368647004,True,True
2018-05-21 02:00:00,607.15,615.45,584.3,591.58,32549.8475853,54.0260493614,13.1610383392,18.5685281031,18.5685281031,17.3393558564,25.4556091225,-8.1162532661,True,True
2018-05-22 02:00:00,591.58,593.9,542.44,544.99,41640.2666045,46.8258203389,0.0,13.1556285595,13.1556285595,12.0449806302,22.773483424,-10.7285027938,False,False
2018-05-23 02:00:00,544.99,552.57,482.88,493.42,95578.2276861,40.480894382,0.0,4.38701277973,4.38701277973,3.64585496151,18.9479577315,-15.30210277,False,False
2018-05-24 02:00:00,493.2,522.7,463.0,513.46,95426.2574061,43.6343395817,13.5448207748,4.51494025827,4.51494025827,-1.37757232835,14.8828517196,-16.2604240479,False,False
2018-05-25 02:00:00,513.46,526.83,488.59,502.8,47601.1264017,42.3657185851,8.12892101817,7.22458059766,7.22458059766,-6.14797750042,10.6766858756,-16.824663376,False,False
2018-05-26 02:00:00,502.79,520.0,496.74,502.6,24940.7367844,42.3411789464,8.02308579794,9.89894253031,9.89894253031,-9.83136642441,6.57507541557,-16.40644184,False,False
2018-05-27 02:00:00,502.6,507.23,475.44,487.14,27425.3738704,40.4183502183,0.0,5.38400227204,5.38400227204,-13.8384504369,2.49237024506,-16.330820682,False,False
2018-05-28 02:00:00,487.12,491.3,436.0,440.1,58259.2392465,35.2440645098,0.0,2.67436193265,2.67436193265,-20.5726792167,-2.12063964729,-18.4520395694,False,False
2018-05-29 02:00:00,440.1,499.0,440.1,490.99,61389.3991261,43.5506884435,36.1442700174,12.0480900058,12.0480900058,-21.5547367596,-6.00745906976,-15.5472776899,False,False
2018-05-30 02:00:00,490.63,507.16,465.65,477.72,46932.6919751,42.0560343471,29.6406433126,21.9283044433,21.9283044433,-23.1370925353,-9.43338576287,-13.7037067725,False,False
2018-05-31 02:00:00,477.69,500.0,474.85,493.03,63798.8868615,44.395356013,39.9925956183,35.2591696494,35.2591696494,-22.8918488549,-12.1250783813,-10.7667704736,False,False
2018-06-01 02:00:00,493.03,505.0,483.26,496.06,34211.6619366,44.8634335741,44.6836161683,38.1056183664,38.1056183664,-22.1971211981,-14.1394869446,-8.05763425347,False,False
2018-06-02 02:00:00,496.06,513.82,491.71,505.7,29656.5301168,46.3889757077,51.770020556,45.4820774475,45.4820774475,-20.6308574078,-15.4377610373,-5.1930963705,False,False
2018-06-03 02:00:00,505.7,540.71,505.0,531.09,37661.4186786,50.2416728131,69.6664582039,55.3733649761,55.3733649761,-17.143205066,-15.778849843,-1.36435522295,True,False
2018-06-04 02:00:00,531.04,535.45,494.46,505.13,35121.7632751,46.6033686935,52.7659126797,58.0674638132,58.0674638132,-16.2862329456,-15.8803264635,-0.40590648204,False,False
2018-06-05 02:00:00,504.98,523.59,492.36,518.48,33619.0694972,48.6357328171,62.2065919809,61.5463209548,61.5463209548,-14.3642606809,-15.577113307,1.21285262609,False,False
2018-06-06 02:00:00,518.58,522.0,503.11,514.75,27953.389285,48.0923323525,59.6824037909,58.2183028172,58.2183028172,-12.9922965342,-15.0601499524,2.06785341826,False,False
2018-06-07 02:00:00,514.75,521.8,505.73,511.47,23613.0018483,47.5954835635,65.7620541775,62.5503499831,62.5503499831,-12.0309879117,-14.4543175443,2.42332963259,False,False
2018-06-08 02:00:00,512.1,514.9,503.52,509.0,13805.0272318,47.2052801863,79.75415436,68.3995374428,68.3995374428,-11.3377576472,-13.8310055649,2.49324791764,False,False
2018-06-09 02:00:00,509.1,517.68,506.3,508.8,9163.79374159,47.1720087437,79.5323093702,75.0161726359,75.0161726359,-10.6813777233,-13.2010799966,2.5197022733,False,False
