datetime,open,high,low,close,volume,rsi,stoch_rsi,fast_k,fast_d,macd,macdsignal,macdhist
2017-05-29 02:00:00,13.88,15.232,13.022,14.699,342657.55642,0.0,0.0,0.0,0.0,0.0,0.0,0.0
2017-05-30 02:00:00,14.698,16.198,14.09,15.426,278813.094956,0.0,0.0,0.0,0.0,0.0,0.0,0.0
2017-05-31 02:00:00,15.573,15.6,13.97,15.116,204319.763686,0.0,0.0,0.0,0.0,0.0,0.0,0.0
2017-06-01 02:00:00,14.983,15.38,14.1,14.349,170254.995453,0.0,0.0,0.0,0.0,0.0,0.0,0.0
2017-06-02 02:00:00,14.26,15.091,14.259,14.899,114037.83257,0.0,0.0,0.0,0.0,0.0,0.0,0.0
2017-06-03 02:00:00,14.859,15.08,14.076,14.154,73977.4816108,0.0,0.0,0.0,0.0,0.0,0.0,0.0
2017-06-04 02:00:00,14.15,15.48,14.0,15.402,153502.246809,0.0,0.0,0.0,0.0,0.0,0.0,0.0
2017-06-05 02:00:00,15.421,15.421,14.64,15.125,102910.301357,0.0,0.0,0.0,0.0,0.0,0.0,0.0
2017-06-06 02:00:00,15.125,15.775,14.489,15.362,178102.046285,0.0,0.0,0.0,0.0,0.0,0.0,0.0
2017-06-07 02:00:00,15.363,16.699,14.963,15.25,159177.037524,0.0,0.0,0.0,0.0,0.0,0.0,0.0
2017-06-08 02:00:00,15.25,15.75,14.9,15.4,47441.9520065,0.0,0.0,0.0,0.0,0.0,0.0,0.0
2017-06-09 02:00:00,15.399,15.95,15.18,15.42,41917.0326245,0.0,0.0,0.0,0.0,0.0,0.0,0.0
2017-06-10 02:00:00,15.531,16.98,15.045,16.98,229826.783226,0.0,0.0,0.0,0.0,0.0,0.0,0.0
2017-06-11 02:00:00,16.98,20.082,15.3,19.135,282326.470326,0.0,0.0,0.0,0.0,0.0,0.0,0.0
2017-06-12 02:00:00,19.108,19.9,14.6,16.919,381977.47224,0.0,0.0,0.0,0.0,0.0,0.0,0.0
2017-06-13 02:00:00,16.919,18.431,16.858,17.896,100657.874616,0.0,0.0,0.0,0.0,0.0,0.0,0.0
2017-06-14 02:00:00,17.77,18.469,15.14,15.99,155815.976868,0.0,0.0,0.0,0.0,0.0,0.0,0.0
2017-06-15 02:00:00,15.982,16.149,12.5,15.344,218457.688854,52.2084503184,100.0,0.0,0.0,0.0,0.0,0.0
2017-06-16 02:00:00,15.21,15.979,14.569,15.416,131216.755635,52.4575087707,100.0,0.0,0.0,0.0,0.0,0.0
2017-06-17 02:00:00,15.406,20.089,15.05,19.543,162227.670419,63.9113612239,100.0,100.0,0.0,0.0,0.0,0.0
2017-06-18 02:00:00,19.5,21.112,17.55,17.911,207925.019995,58.036648941,90.8080313571,96.9360104524,0.0,0.0,0.0,0.0
2017-06-19 02:00:00,18.0,19.799,17.8,19.0,104604.040499,60.6040669818,94.8251857278,95.2110723616,97.382360938,0.0,0.0,0.0
2017-06-20 02:00:00,19.095,19.149,17.915,18.574,145968.316856,59.1011566677,92.4736315044,92.7022828631,94.949788559,0.0,0.0,0.0
2017-06-21 02:00:00,18.574,18.899,15.924,17.179,117191.608279,54.4067806718,85.1284961388,90.809104457,92.9074865606,0.0,0.0,0.0
2017-06-22 02:00:00,17.219,17.699,16.56,17.227,63982.9769011,54.5387943127,85.3350535308,87.645727058,90.3857047927,0.0,0.0,0.0
2017-06-23 02:00:00,17.289,18.129,17.101,17.749,69122.570793,56.010515779,87.6378075922,86.0337857539,88.162872423,0.0,0.0,0.0
2017-06-24 02:00:00,17.63,17.799,16.0,16.539,89981.2342941,51.8744980794,81.166317046,84.7130593897,86.1308574005,0.0,0.0,0.0
2017-06-25 02:00:00,16.431,19.0,15.555,16.376,209890.559018,51.3319580085,80.3174224825,83.0405157069,84.5957869502,0.0,0.0,0.0
2017-06-26 02:00:00,16.449,17.732,13.01,15.59,213360.025652,48.721239084,76.2325166464,79.2387520583,82.3307757183,0.0,0.0,0.0
2017-06-27 02:00:00,15.579,16.199,13.36,15.97,217502.379836,50.0268067265,78.2752952972,78.275078142,80.1847819691,0.0,0.0,0.0
2017-06-28 02:00:00,15.97,16.8,14.879,16.47,172053.484508,51.7444175335,80.9627843041,78.4901987492,78.6680096499,0.0,0.0,0.0
2017-06-29 02:00:00,16.47,16.649,15.25,15.749,82172.4413515,49.1558637484,76.9125595309,78.7168797107,78.4940522007,0.0,0.0,0.0
2017-06-30 02:00:00,15.749,16.275,14.75,15.227,104267.335614,47.3343426019,74.0624854414,77.3126097588,78.1732294063,0.0,0.0,0.0
2017-07-01 02:00:00,15.227,15.351,14.0,14.5,63798.7973107,44.873726461,70.2124404827,73.7291618183,76.586217096,0.00598307590765,0.507105300513,-0.501122224606
2017-07-02 02:00:00,14.515,15.444,14.111,15.439,98725.4727528,48.5445145881,19.2817446744,54.5188901995,68.5202205922,-0.0446985428308,0.396744531845,-0.441443074675
2017-07-03 02:00:00,15.388,15.687,14.787,15.267,85382.0426696,47.923444658,16.0194175114,35.1712008895,54.4730843025,-0.0976177763971,0.297872070196,-0.395489846593
2017-07-04 02:00:00,15.191,16.0,15.159,15.336,106003.077243,48.2058873354,17.5030192346,17.6013938068,35.7638282986,-0.13246198758,0.211805258641,-0.344267246221
2017-07-05 02:00:00,15.412,15.5,14.964,15.241,27512.5253638,47.8264330038,18.7707732001,17.431069982,23.4012215594,-0.165830392494,0.136278128414,-0.302108520908
2017-07-06 02:00:00,15.245,15.623,14.889,15.399,42188.2527261,48.5422022743,23.3210197097,19.8649373815,18.2991337234,-0.177479936031,0.073526515525,-0.251006451556
2017-07-07 02:00:00,15.35,15.534,14.0,14.075,75486.8109784,43.2583322227,0.0,14.0305976366,17.1088683334,-0.290202741525,0.000780664114882,-0.29098340564
2017-07-08 02:00:00,14.235,14.438,13.2,14.389,54242.7975222,44.7731266911,11.8787065894,11.7332420997,15.2095923726,-0.350162743078,-0.0694080173236,-0.280754725754
2017-07-09 02:00:00,14.397,14.807,13.75,13.75,16650.6122465,42.3297125552,0.0,3.95956886314,9.90780286649,-0.444123852635,-0.144351184386,-0.299772668249
2017-07-10 02:00:00,13.75,14.964,11.654,12.51,151170.955002,38.0484984627,0.0,3.95956886314,6.55079327533,-0.611596244993,-0.237800196507,-0.373796048486
2017-07-11 02:00:00,12.51,13.62,11.0,12.266,195578.354978,37.2606030243,0.0,4.14483262527e-14,2.63971257543,-0.755301438493,-0.341300444904,-0.414000993589
2017-07-12 02:00:00,12.266,17.346,11.587,16.508,313120.544994,54.6191528093,100.0,33.3333333333,12.4309673988,-0.520890391366,-0.377218434197,-0.143671957169
2017-07-13 02:00:00,16.501,17.24,14.352,15.402,134624.883448,50.7308619694,77.6001400575,59.2000466858,30.8444600064,-0.419526859955,-0.385680119349,-0.0338467406067
2017-07-14 02:00:00,15.402,15.815,14.052,14.799,106374.088031,48.721644946,66.0253423455,81.2084941343,57.9139580512,-0.383432618993,-0.385230619277,0.00179800028476
2017-07-15 02:00:00,14.948,14.948,12.51,12.653,199146.600539,42.3754898292,29.4660951994,57.6971925341,66.0352444514,-0.521974935971,-0.412579482616,-0.109395453355
2017-07-16 02:00:00,12.827,13.289,11.2,12.179,293473.190845,41.118579188,22.2252216432,39.238886396,59.3815243548,-0.662383019803,-0.462540190053,-0.199842829749
2017-07-17 02:00:00,12.179,13.684,12.109,13.15,118675.911914,44.6893985398,42.7961759913,31.4958309446,42.8106366249,-0.687382139389,-0.50750857992,-0.179873559468
2017-07-18 02:00:00,13.16,14.217,12.685,13.763,174573.557993,46.8513790875,55.2510214392,40.0908063579,36.9418412328,-0.650234644598,-0.536053792856,-0.114180851742
2017-07-19 02:00:00,13.763,14.063,12.326,12.414,64651.0358552,42.9279652569,32.6488232188,43.5653402164,38.3839925063,-0.721332936206,-0.573109621526,-0.14822331468
2017-07-20 02:00:00,12.414,13.972,12.321,13.899,99229.11749,48.0192535985,61.978971213,49.9596052903,44.5385839549,-0.650354869104,-0.588558671042,-0.0617961980623
2017-07-21 02:00:00,13.899,15.0,13.499,13.713,96538.0419718,47.4558629401,58.7333621882,51.12038554,48.2151103489,-0.602171427709,-0.591281222375,-0.0108902053344
2017-07-22 02:00:00,13.782,14.58,13.782,14.24,55151.6366389,49.2484097327,69.0599552206,63.2574295406,54.7791401236,-0.51551862972,-0.576128703844,0.0606100741241
2017-07-23 02:00:00,14.328,14.43,13.4,13.861,52883.1645913,47.9972293143,61.852092617,63.2151366753,59.1976505853,-0.471987022979,-0.555300367671,0.0833133446918
2017-07-24 02:00:00,13.812,13.987,13.555,13.87,25343.1155262,48.0305418854,62.0440013397,64.3186830591,63.5970830917,-0.431784345072,-0.530597163151,0.0988128180796
2017-07-25 02:00:00,13.87,13.87,12.0,12.664,116645.586189,44.0160848166,38.9173166883,54.2711368816,60.6016522053,-0.491571029388,-0.522791936399,0.0312209070105
2017-07-26 02:00:00,12.614,12.95,12.261,12.673,72562.9070006,44.0531621948,39.130913899,46.6974106423,55.0957435277,-0.532092550954,-0.52465205931,-0.00744049164402
2017-07-27 02:00:00,12.678,12.749,12.4,12.549,36413.4114987,43.6301618824,36.6940725868,38.2474343914,46.4053273051,-0.567668186927,-0.533255284833,-0.034412902094
2017-07-28 02:00:00,12.461,12.559,11.85,12.01,70290.9818346,41.7774758982,26.0210266979,33.9486710612,39.6311720316,-0.632068834064,-0.553017994679,-0.0790508393846
2017-07-29 02:00:00,11.957,12.351,11.327,12.346,47949.4319417,43.3701961418,16.6779354487,26.4643449112,32.8868167879,-0.648518699096,-0.572118135563,-0.0764005635336
2017-07-30 02:00:00,12.346,12.389,11.8,11.803,16851.3044757,41.4244134782,3.18170300568,15.2935550508,25.2355236744,-0.697332482821,-0.597161005014,-0.100171477807
2017-07-31 02:00:00,11.801,12.105,11.437,11.958,30470.9729959,42.2107542187,13.4341672266,11.097935227,17.6186117296,-0.715265418984,-0.620781887808,-0.0944835311757
2017-08-01 02:00:00,11.895,13.0,11.72,12.379,87493.9188972,44.3660809814,39.945504098,18.8537914434,15.0817605737,-0.687580221744,-0.634141554596,-0.0534386671487
2017-08-02 02:00:00,12.479,12.935,12.026,12.275,37453.1415015,43.9359837644,34.6551451582,29.3449388276,19.765555166,-0.6663501644,-0.640583276556,-0.0257668878433
2017-08-03 02:00:00,12.279,13.06,12.186,12.919,38128.8139667,47.2974493252,75.0644000314,49.8883497626,32.6956933445,-0.590749975148,-0.630616616275,0.0398666411267
2017-08-04 02:00:00,13.0,13.028,12.52,12.561,23617.9256459,45.6797626908,54.3884362183,54.7026604693,44.6453163532,-0.553345268752,-0.61516234677,0.0618170780177
2017-08-05 02:00:00,12.581,13.38,12.3,13.236,68138.3322198,49.1630241108,98.9086699536,76.1205020678,60.2371707665,-0.463887504269,-0.58490737827,0.121019874001
2017-08-06 02:00:00,13.276,13.59,13.0,13.051,25074.2503896,48.2618162583,87.390159167,80.2290884463,70.3507503278,-0.403270879625,-0.548580078541,0.145309198916
2017-08-07 02:00:00,13.057,13.299,12.687,12.979,54875.5966665,47.8987380727,82.7495870894,89.6828054033,82.0107986391,-0.356927132344,-0.510249489301,0.153322356958
2017-08-08 02:00:00,12.848,13.98,12.845,13.772,72625.5831514,52.1144471236,100.0,90.0465820855,86.6528253117,-0.253291123707,-0.458857816182,0.205566692476
2017-08-09 02:00:00,13.62,14.13,12.9,13.111,63013.163653,48.6296257179,67.4012119951,83.3835996948,87.7043290612,-0.22193765684,-0.411473784314,0.189536127474
2017-08-10 02:00:00,13.112,13.576,12.973,13.035,38935.0827273,48.2355940797,63.7152400769,77.0388173573,83.4896663792,-0.200906448819,-0.369360317215,0.168453868396
2017-08-11 02:00:00,13.035,13.258,12.8,12.854,17098.5799995,47.2664746507,54.6496051015,61.9220190578,74.1148120367,-0.196578220895,-0.334803897951,0.138225677056
2017-08-12 02:00:00,13.039,13.07,12.3,12.499,22827.5556166,45.3670212205,36.8811537272,51.7486663019,63.569834239,-0.219266039805,-0.311696326322,0.0924302865168
2017-08-13 02:00:00,12.499,12.599,11.76,12.083,37514.7444414,43.2052682683,16.6590195047,36.0632594445,49.9113149347,-0.267727823398,-0.302902625737,0.0351748023393
2017-08-14 02:00:00,12.105,12.549,11.8,11.835,21349.0610758,41.9394373907,4.81779505668,19.4526560962,35.7548606142,-0.322428903724,-0.306807881334,-0.0156210223893
2017-08-15 02:00:00,11.917,11.977,11.1,11.332,35738.180956,39.4487594596,0.0,7.15893818712,20.8916179093,-0.401736828153,-0.325793670698,-0.075943157455
2017-08-16 02:00:00,11.44,12.439,11.21,12.079,30051.7139232,44.6367383033,40.9608935681,15.2595628749,13.9570523861,-0.39970472532,-0.340575881622,-0.0591288436973
2017-08-17 02:00:00,12.0,12.124,11.21,11.754,42377.7685251,42.9361847991,27.5344334393,22.8317756691,15.0834255771,-0.419483508281,-0.356357406954,-0.0631261013272
2017-08-18 02:00:00,11.756,12.193,11.1,11.432,37788.7625033,41.2806224726,14.4631942739,27.6528404271,21.9147263237,-0.455885876604,-0.376263100884,-0.07962277572
2017-08-19 02:00:00,11.455,11.85,11.0,11.62,19114.3750065,42.6523523813,25.2934779907,22.430368568,24.3049948881,-0.464213819004,-0.393853244508,-0.070360574496
2017-08-20 02:00:00,11.62,12.05,11.38,11.956,25321.158217,45.0882703304,44.5258956353,28.0941893,26.059132765,-0.438644955426,-0.402811586692,-0.035833368734
2017-08-21 02:00:00,11.954,12.8,11.822,12.683,71102.7104393,49.9733591249,83.095367141,50.9715802557,33.8320460412,-0.355619265096,-0.393373122373,0.0377538572767
2017-08-22 02:00:00,12.454,12.78,11.51,12.4,41750.4373718,48.1998477899,69.0928796168,65.5713807977,48.2123834511,-0.309093504694,-0.376517198837,0.0674236941429
2017-08-23 02:00:00,12.4,14.227,12.16,13.229,155103.604874,53.3523931896,100.0,84.0627489193,66.8685699909,-0.202988210878,-0.341811401245,0.138823190367
2017-08-24 02:00:00,13.052,14.0,12.828,13.03,48108.5830087,52.0323394,90.5056921432,86.5328572533,78.7223289901,-0.133418670585,-0.300132855113,0.166714184528
2017-08-25 02:00:00,12.92,13.198,12.633,12.906,31233.8506828,51.1937445942,84.4742127324,91.6599682919,87.4185248215,-0.0872839176994,-0.25756306763,0.170279149931
2017-08-26 02:00:00,12.906,13.0,12.548,12.888,32921.0534137,51.0668049546,83.56121659,86.1803738219,88.124399789,-0.0515796649518,-0.216366387095,0.164786722143
2017-08-27 02:00:00,12.888,13.795,12.6,13.505,54014.7505509,55.1198057515,100.0,89.3451431075,89.0618284071,0.0262009281119,-0.167852924053,0.194053852165
2017-08-28 02:00:00,13.505,13.66,12.874,13.161,40791.4456665,52.5418203822,83.5493730202,89.0368632034,88.1874600442,0.0593999576848,-0.122402347706,0.181802305391
2017-08-29 02:00:00,13.161,13.481,12.8,13.2,27986.8872585,52.8076963298,85.2459792498,89.5984507567,89.3268190225,0.0878447819065,-0.0803529217833,0.16819770369
2017-08-30 02:00:00,13.2,13.46,13.12,13.381,26326.1392982,54.0763619388,93.3415817088,87.3789779929,88.671430651,0.123568279152,-0.0395686815961,0.163136960749
2017-08-31 02:00:00,13.381,14.26,13.318,14.182,52542.9133832,59.2298489925,100.0,92.8625203195,89.9466496897,0.214046024526,0.0111542596283,0.202891764898
2017-09-01 02:00:00,14.182,18.999,13.895,18.849,271912.593492,75.942597132,100.0,97.7805272363,92.6740085163,0.654790172331,0.139881442169,0.514908730162
2017-09-02 02:00:00,18.877,19.686,15.9,16.9,191497.332878,64.2552226864,66.2818562402,88.7606187467,93.1345554342,0.837164759103,0.279338105556,0.557826653547
2017-09-03 02:00:00,16.9,17.644,15.8,16.547,99963.8476192,62.4069903811,60.9496952096,75.7438504833,87.4283321554,0.942350948066,0.411940674058,0.530410274008
2017-09-04 02:00:00,16.478,16.495,13.7,14.25,113258.672088,52.0549613581,31.0840308189,52.7718607563,72.4254433288,0.830786270495,0.495709793345,0.33507647715
2017-09-05 02:00:00,14.25,14.987,13.891,14.751,68064.0104509,53.8298031152,33.5757541515,41.8698267267,56.7951793221,0.773876209486,0.551343076573,0.222533132913
2017-09-06 02:00:00,14.751,16.33,14.75,16.3,77958.2424569,58.8356735959,44.5558360549,36.4052070084,43.6822981638,0.844036404314,0.609881742121,0.234154662193
2017-09-07 02:00:00,16.3,16.468,15.2,15.45,38432.4093636,55.3375567704,25.7281961944,34.6199288003,37.6316541785,0.821580301637,0.652221454025,0.169358847613
2017-09-08 02:00:00,15.45,15.6,13.65,14.317,92834.5060173,51.0397942216,10.2367158952,26.8402493815,32.6217950634,0.704241984137,0.662625560047,0.0416164240899
2017-09-09 02:00:00,14.317,14.317,13.0,13.65,48416.2780074,48.675208204,0.0,11.9883040299,24.4828274039,0.551076727017,0.640315793441,-0.0892390664242
2017-09-10 02:00:00,13.65,13.8,12.3,12.902,66779.7430513,46.128827576,0.0,3.41223863173,14.0802640144,0.365125864863,0.585277807725,-0.220151942863
2017-09-11 02:00:00,12.902,13.798,12.597,12.943,31484.9773567,46.2924572195,0.548839164025,0.182946388008,5.19449634987,0.218547544202,0.511931755021,-0.293384210819
2017-09-12 02:00:00,12.943,13.665,12.4,12.599,50637.4394617,45.0720181938,0.0,0.182946388008,1.25937713592,0.0737748138362,0.424300366784,-0.350525552948
2017-09-13 02:00:00,12.599,12.599,11.2,11.85,67343.2211776,42.4810987652,0.0,0.182946388008,0.182946388008,-0.100241140882,0.319392065251,-0.419633206132
2017-09-14 02:00:00,11.85,12.145,8.541,8.6,161936.554968,33.581385817,0.0,7.38668385717e-14,0.121964258672,-0.494695337417,0.156574584717,-0.651269922134
2017-09-15 02:00:00,8.6,10.7,7.111,9.846,167556.303302,38.8037669957,12.3282149319,4.10940497729,1.43078378843,-0.698707082994,-0.0144817488251,-0.684225334169
2017-09-16 02:00:00,9.846,10.422,9.25,9.569,48099.6471621,38.0962263692,10.6579590431,7.66205799166,3.92382098965,-0.872679737415,-0.186121346543,-0.686558390872
2017-09-17 02:00:00,9.569,9.727,8.71,9.4,38182.503273,37.6511934725,9.6073920672,10.8645220141,7.54532832767,-1.01251951239,-0.351400979712,-0.661118532677
2017-09-18 02:00:00,9.4,10.5,9.354,10.25,81585.0883081,41.3147291837,18.2557182069,12.8403564391,10.4556454816,-1.04273563794,-0.489667911358,-0.553067726583
2017-09-19 02:00:00,10.25,10.393,9.512,9.626,52853.4513362,39.5041815475,19.3089496946,15.7240199896,13.1429661476,-1.10430399115,-0.612595127315,-0.49170886383
2017-09-20 02:00:00,9.626,9.845,9.218,9.327,43682.1028361,38.6420360119,17.5560938663,18.3735872559,15.6459878949,-1.16380849589,-0.722837801031,-0.440970694862
2017-09-21 02:00:00,9.327,9.57,8.1,8.656,60329.189857,36.7306583823,12.4702489846,16.4450975152,16.8475682536,-1.25069312502,-0.828408865828,-0.422284259188
2017-09-22 02:00:00,8.656,8.895,8.151,8.687,26755.867857,36.8839063495,13.0770685807,14.3678038105,16.3954961939,-1.30203928031,-0.923134948725,-0.378904331587
2017-09-23 02:00:00,8.687,9.208,8.54,8.848,31256.5073202,37.7163759864,16.3734182707,13.973578612,14.9288266459,-1.31458639024,-1.00142523703,-0.313161153213
2017-09-24 02:00:00,8.848,9.039,8.61,8.88,18944.7544113,37.8893764316,19.8012353541,16.4172407352,14.9195410526,-1.30688299899,-1.06251678942,-0.244366209566
2017-09-25 02:00:00,8.88,9.5,8.748,9.22,41805.7659541,39.7777512155,35.4921551543,23.8889362597,18.0932518689,-1.25883181782,-1.1017797951,-0.157052022716
2017-09-26 02:00:00,9.22,10.3,9.13,9.699,56050.1225678,42.3991709956,58.4198286725,37.9044063936,26.0701944628,-1.16862839305,-1.11514951469,-0.0534788783592
2017-09-27 02:00:00,9.699,11.388,9.65,11.0,92863.3947069,48.8273535642,100.0,64.6373279423,42.1435568652,-0.980855015888,-1.08829061493,0.107435599041
2017-09-28 02:00:00,11.0,12.0,10.681,11.093,118127.447822,49.2574504953,100.0,86.1399428908,62.8938924089,-0.815142483744,-1.03366098869,0.218518504948
2017-09-29 02:00:00,11.093,11.5,10.186,10.7,62493.5969424,47.466219284,88.573463761,96.191154587,82.3228084734,-0.707371782107,-0.968403147375,0.261031365268
2017-09-30 02:00:00,10.7,11.426,10.582,11.079,42236.0210245,49.3533669985,100.0,96.191154587,92.8407506883,-0.584641212082,-0.891650760316,0.307009548234
2017-10-01 02:00:00,11.079,11.249,10.5,10.747,47393.2145409,47.7566465961,89.8762217375,92.8165618328,95.0662903356,-0.508306535145,-0.814981915282,0.306675380137
2017-10-02 02:00:00,10.74,11.045,10.502,10.52,22999.6736005,46.6599831252,78.6623936655,89.512871801,92.8401960736,-0.460815759366,-0.744148684099,0.283332924733
2017-10-03 02:00:00,10.52,10.694,10.02,10.412,21473.4289629,46.1245581687,74.4206340498,80.9864164842,87.7719500394,-0.426971809575,-0.680713309194,0.253741499619
2017-10-04 02:00:00,10.412,10.516,10.052,10.071,15657.8977933,44.4147749101,60.8753379437,71.3194552196,80.606247835,-0.422792398091,-0.629129126973,0.206336728882
2017-10-05 02:00:00,10.071,10.369,9.85,10.229,37967.9834829,45.4109733081,68.7674507094,68.0211409009,73.4423375349,-0.402095794813,-0.583722460541,0.181626665728
2017-10-06 02:00:00,10.229,10.599,10.197,10.439,14519.3224912,46.7584713209,79.4426397974,69.6951428168,69.6785796458,-0.364546082333,-0.539887184899,0.175341102567
2017-10-07 02:00:00,10.439,10.5,10.208,10.445,8474.28567478,46.7983378914,79.7584719355,75.9895208141,71.2352681773,-0.330493788141,-0.498008505548,0.167514717407
2017-10-08 02:00:00,10.445,10.595,10.202,10.202,19612.1201823,45.3375069534,68.1854333547,75.7955150292,73.82672622,-0.319432944678,-0.462293393374,0.142860448696
2017-10-09 02:00:00,10.202,10.278,9.35,9.664,38660.186552,42.236103172,42.9224404586,63.6221152496,71.8023836976,-0.35004415912,-0.439843546523,0.0897993874031
2017-10-10 02:00:00,9.664,9.847,9.512,9.629,15229.4005181,42.0373333072,37.1312250419,49.4130329517,62.9435544102,-0.372830219903,-0.426440881199,0.0536106612957
2017-10-11 02:00:00,9.629,9.799,9.502,9.63,10967.3069878,42.045612994,36.2547102442,38.7694585815,50.6015355943,-0.386353997214,-0.418423504402,0.0320695071885
2017-10-12 02:00:00,9.63,10.029,9.5,9.81,23197.153657,43.5867737265,39.7783557466,37.7214303442,41.9679739592,-0.378187680323,-0.410376339586,0.0321886592632
2017-10-13 02:00:00,9.81,10.352,9.211,10.1,57098.9970409,46.0429755083,54.7515548743,43.5948736217,40.0285875158,-0.34434583455,-0.397170238579,0.0528244040286
2017-10-14 02:00:00,10.1,10.43,9.932,10.182,17777.9198609,46.7396531735,64.2741691026,52.9346932411,44.7503324023,-0.307366088323,-0.379209408528,0.0718433202045
2017-10-15 02:00:00,10.182,10.418,9.8,9.957,16093.9297646,45.0440698996,41.0979052218,53.3745430662,49.968036643,-0.292839323179,-0.361935391458,0.0690960682792
2017-10-16 02:00:00,9.957,10.278,9.857,10.111,22616.3191475,46.4566285645,60.4056165375,55.2592302873,53.8561555315,-0.265835853927,-0.342715483952,0.0768796300249
2017-10-17 02:00:00,10.111,10.5,9.9,10.116,28578.7461781,46.5040626961,61.0539751104,54.1858322899,54.2732018811,-0.241250960879,-0.322422579337,0.0811716184587
2017-10-18 02:00:00,10.116,10.12,9.15,9.7,25182.5845725,43.1266565021,19.0463984028,46.8353300169,52.093464198,-0.252425179021,-0.308423099274,0.0559979202526
2017-10-19 02:00:00,9.7,9.868,9.41,9.564,11440.8996667,42.0654677479,0.590934963597,26.8971028256,42.6394217108,-0.269152270968,-0.300568933613,0.0314166626449
2017-10-20 02:00:00,9.564,9.671,9.371,9.474,10773.2463377,41.3500569334,0.0,6.54577778879,26.7594035438,-0.286369767268,-0.297729100344,0.0113593330757
2017-10-21 02:00:00,9.474,9.567,9.101,9.172,10492.0960589,38.9861339593,0.0,0.196978321199,11.2132863119,-0.320686953632,-0.302320671001,-0.0183662826301
2017-10-22 02:00:00,9.172,9.444,9.043,9.052,6594.95575586,38.067350636,0.0,6.20614670765e-14,2.24758537,-0.353491735499,-0.312554883901,-0.0409368515978
2017-10-23 02:00:00,9.052,9.09,8.332,8.62,53263.6867478,34.9195779767,0.0,6.20614670765e-14,0.0656594403997,-0.409626630289,-0.331969233179,-0.0776573971107
2017-10-24 02:00:00,8.62,9.377,8.3,8.976,28929.5873698,39.3133645432,36.9885964363,12.3295321454,4.10984404848,-0.42053999082,-0.349683384707,-0.070856606113
2017-10-25 02:00:00,8.976,9.068,8.72,8.948,10288.3983615,39.0928067434,35.3062793355,24.0982919239,12.1426080231,-0.426531484218,-0.365053004609,-0.0614784796087
2017-10-26 02:00:00,8.948,9.199,8.75,8.9,18935.1730251,38.6973710985,31.9608213896,34.7518990538,23.7265743744,-0.430193976376,-0.378081198962,-0.0521127774135
2017-10-27 02:00:00,8.9,8.979,8.76,8.94,16313.4645301,39.2415396191,36.5645866915,34.6105624722,31.1535844833,-0.424970071641,-0.387458973498,-0.0375110981428
2017-10-28 02:00:00,8.94,9.097,8.592,8.948,26335.6066211,39.3559331769,37.5323771324,35.3525950712,34.9050188657,-0.415396128368,-0.393046404472,-0.0223497238961
2017-10-29 02:00:00,8.948,9.499,8.948,9.191,21941.2553167,42.8297742048,66.9217081648,47.0062239963,38.9897938466,-0.383776701264,-0.391192463831,0.00741576256619
2017-10-30 01:00:00,9.191,9.369,9.1,9.232,7062.9315908,43.4108877854,71.8380354378,58.764040245,47.0409531042,-0.351359466909,-0.383225864446,0.031866397537
2017-10-31 01:00:00,9.232,9.299,9.0,9.03,8330.46230673,41.2177215556,53.2834476433,64.014397082,56.5948871078,-0.33807121245,-0.374194934047,0.0361237215971
2017-11-01 01:00:00,9.03,9.226,8.78,8.78,21715.929948,38.6500441765,32.2022626826,52.4412485879,58.4065619716,-0.343750543429,-0.368106055923,0.024355512494
2017-11-02 01:00:00,8.78,8.98,8.372,8.41,35254.9908995,35.2016988457,2.4353337746,29.3070147002,48.5875534567,-0.373798446124,-0.369244533964,-0.00455391216019
2017-11-03 01:00:00,8.41,10.5,8.41,10.5,75630.0688379,57.7990144386,100.0,44.8791988191,42.2091540357,-0.226356792153,-0.340666985602,0.114310193448
2017-11-04 01:00:00,10.5,10.69,9.653,10.035,62215.3587967,53.397054015,80.7601886045,61.0651741264,45.0837958819,-0.145354279303,-0.301604444342,0.156250165039
2017-11-05 01:00:00,10.035,12.209,10.013,11.4,129769.42479,62.3422307852,100.0,93.5867295348,66.5103674934,0.028654575828,-0.235552640308,0.264207216136
2017-11-06 01:00:00,11.4,13.398,11.31,12.158,176015.196863,66.1731469318,100.0,93.5867295348,82.7462110653,0.225126988528,-0.143416714541,0.368543703069
2017-11-07 01:00:00,12.158,12.55,11.5,11.6,48412.3234462,61.2959138312,84.3946363131,94.7982121044,93.990557058,0.33197999576,-0.0483373724805,0.380317368241
2017-11-08 01:00:00,11.6,12.18,11.15,12.094,60529.8384909,63.805250798,92.4235976466,92.2727446532,93.5525620975,0.451320898911,0.0515942817977,0.399726617113
2017-11-09 01:00:00,12.094,12.5,11.965,12.311,78838.1215177,64.8683230224,95.8250402976,90.8810914191,92.6506827256,0.55698888971,0.15267320338,0.40431568633
2017-11-10 01:00:00,12.311,13.0,11.5,12.312,88301.6249934,64.8733745512,95.8033206035,94.6839861826,92.6126074183,0.633509521935,0.248840467091,0.384669054844
2017-11-11 01:00:00,12.312,16.163,12.145,16.162,283618.29645,77.8825293452,100.0,97.2094536337,94.2581770784,0.993364609611,0.397745295595,0.595619314016
2017-11-12 01:00:00,16.162,17.6,11.9,12.61,193780.24226,57.1388667303,51.398174843,82.4004984822,91.4313127661,0.980631534604,0.514322543397,0.466308991207
2017-11-13 01:00:00,12.61,13.999,12.012,13.789,64538.5515225,60.8192103119,60.0211175986,70.4730974805,83.3610165321,1.05353147259,0.622164329236,0.431367143358
2017-11-14 01:00:00,13.789,15.59,13.508,14.988,99497.4436602,64.1457988166,67.8152220379,59.7448381598,70.8728113742,1.19428747561,0.73658895851,0.457698517095
2017-11-15 01:00:00,14.988,15.199,14.146,14.6,44428.3639189,62.3263531341,63.5523113561,63.7962169975,64.6713842126,1.26000471471,0.84127210975,0.41873260496
2017-11-16 01:00:00,14.6,14.6,13.58,14.2,29824.4818775,60.4482819748,59.1520428109,63.5065254016,62.3491935196,1.26522472011,0.926062631822,0.339162088286
2017-11-17 01:00:00,14.2,14.8,14.021,14.502,37014.8746684,61.3817696461,61.3391784884,61.3478442185,62.8835288725,1.27898712069,0.996647529595,0.282339591095
2017-11-18 01:00:00,14.6,15.239,14.2,14.998,27106.7255634,62.9093746137,64.9183144838,61.8031785944,62.2191827382,1.31476122803,1.06027026928,0.25449095875
2017-11-19 01:00:00,14.998,15.268,14.813,15.17,22247.5333037,63.4421873592,66.1666799426,64.1413909716,62.4308045948,1.34152713859,1.11652164314,0.225005495449
2017-11-20 01:00:00,15.17,15.974,15.021,15.431,36337.971454,64.2697250933,44.4045742697,58.4965228987,61.4803641549,1.3680300356,1.16682332164,0.201206713966
2017-11-21 01:00:00,15.431,15.719,14.451,14.964,44468.4325038,61.6180467455,33.5749770821,48.0487437648,56.895552545,1.33595076647,1.2006488106,0.135301955868
2017-11-22 01:00:00,14.904,15.487,14.904,15.221,24188.2815178,62.522182967,25.9516187503,34.6437233674,47.062996677,1.3160943503,1.22373791854,0.0923564317552
2017-11-23 01:00:00,15.221,15.9,15.01,15.36,49085.5194199,63.0227383749,28.3646709544,29.2970889289,37.3298520204,1.29662742195,1.23831581922,0.0583116027285
2017-11-24 01:00:00,15.36,17.6,14.98,17.5,100986.337501,69.6528857581,60.32695026,38.2144133216,34.0517418726,1.43731142485,1.27811494035,0.159196484502
2017-11-25 01:00:00,17.5,18.5,16.797,17.6,76502.443608,69.9206618983,61.6178319387,50.103151051,39.2048844338,1.53913152484,1.33031825725,0.208813267596
2017-11-26 01:00:00,17.635,18.426,17.0,17.657,43034.7062785,70.0805484369,62.3886048805,61.4444623597,49.9206755774,1.60591215561,1.38543703692,0.22047511869
2017-11-27 01:00:00,17.657,21.1,17.388,20.61,181172.551639,76.8531201513,95.0374762018,73.0146376737,61.5207503615,1.87549912096,1.48344945373,0.392049667232
2017-11-28 01:00:00,20.61,28.0,20.41,26.397,223658.855566,84.2679858173,100.0,85.8086936941,73.4225979092,2.52698179614,1.69215592221,0.834825873929
2017-11-29 01:00:00,26.25,27.0,18.0,20.404,242557.781871,62.3064177122,19.0479866497,71.3618209505,76.7283841061,2.53053110808,1.85983095938,0.670700148692
2017-11-30 01:00:00,20.516,23.0,18.63,22.2,105537.985055,65.1946844686,19.9263707273,46.3247857923,67.8317668123,2.64774460195,2.0174136879,0.630330914053
2017-12-01 01:00:00,22.2,24.9,20.657,24.75,113668.746291,68.8010716572,35.066723489,24.6803602887,47.4556556772,2.91282361166,2.19649567265,0.71632793901
2017-12-02 01:00:00,24.75,25.5,23.11,24.24,69981.8477419,67.3188191285,28.8439234977,27.9456725714,32.9836062174,3.04662826472,2.36652219106,0.680106073654
2017-12-03 01:00:00,24.24,25.199,23.21,24.238,70200.0735922,67.3127766758,28.8185560425,30.9097343431,27.8452557344,3.11658201552,2.51653415596,0.600047859566
2017-12-04 01:00:00,24.238,24.793,23.434,24.286,31561.2845289,67.3874219099,26.2413507713,27.9679434372,28.9411167839,3.1397015409,2.64116763294,0.498533907958
2017-12-05 01:00:00,24.286,24.442,23.6,23.8,52997.3110557,65.7716256414,18.3381459998,24.4660176045,27.7812317949,3.08326582385,2.72958727113,0.353678552728
2017-12-06 01:00:00,23.8,23.91,21.0,21.622,69099.2571875,59.0318603311,0.0,14.859832257,22.4312644329,2.83016928402,2.7497036737,0.0804656103113
2017-12-07 01:00:00,21.57,23.148,19.551,19.6,52239.2621774,53.6127669588,0.0,6.11271533328,15.1461883983,2.43832248746,2.68742743646,-0.249104948997
2017-12-08 01:00:00,19.6,22.985,19.02,22.985,85304.7054891,60.1239352085,21.2399992308,7.0799997436,9.3508491113,2.3735613507,2.6246542193,-0.251092868607
2017-12-09 01:00:00,22.805,25.0,21.201,22.9,67021.5737728,59.899612287,20.5082382782,13.9160791697,9.03626474885,2.28899280935,2.55752193731,-0.268529127962
2017-12-10 01:00:00,22.9,23.062,20.0,20.75,56742.5114685,54.4407878295,2.7010763631,14.8164379574,11.9375056236,2.02514004551,2.45104555895,-0.42590551344
2017-12-11 01:00:00,20.75,23.5,20.75,22.106,91301.82077,57.0629382832,11.254760047,11.4880248961,13.406847341,1.90351021578,2.34153849032,-0.438028274542
2017-12-12 01:00:00,22.106,25.6,21.7,24.608,118371.506675,61.4164538035,25.4563077194,13.1373813765,13.14728141,1.98611350911,2.27045349408,-0.284339984968
2017-12-13 01:00:00,24.492,26.5,23.01,24.19,111093.762551,60.3306197013,21.914222089,19.5417632851,14.7223898526,1.99485268754,2.21533333277,-0.220480645229
2017-12-14 01:00:00,24.0,27.0,23.85,26.296,89358.2852847,63.7604494811,33.1026262418,26.8243853501,19.8345100039,2.14696625825,2.20165991786,-0.0546936596165
2017-12-15 01:00:00,26.296,26.848,23.251,25.8,83897.2065703,62.4101666631,28.697885815,27.9049113819,24.7570200057,2.20210975372,2.20174988504,0.000359868686987
2017-12-16 01:00:00,25.8,31.6,25.22,28.101,219161.053552,65.9631014229,81.3147662581,47.7050927717,34.1447965012,2.40377363475,2.24215463498,0.161618999772
2017-12-17 01:00:00,28.101,29.7,27.805,27.998,63677.5152296,65.6678992832,79.3711514475,63.1279345069,46.2459795535,2.52616244599,2.29895619718,0.227206248806
2017-12-18 01:00:00,27.998,34.0,25.965,31.77,181228.84338,70.7596226959,100.0,86.8953059019,65.9094443935,2.89416322464,2.41799760267,0.476165621964
2017-12-19 01:00:00,31.774,35.0,31.002,32.37,182330.752494,71.474619945,100.0,93.1237171492,81.0489858526,3.19736425378,2.57387093289,0.623493320887
2017-12-20 01:00:00,32.37,35.474,30.0,33.2,120622.671851,72.4642526682,100.0,100.0,93.3396743503,3.46468854438,2.75203445519,0.712654089188
2017-12-21 01:00:00,33.2,35.478,26.2,30.09,146013.345493,63.6701822979,53.3507835622,84.4502611874,92.5246594455,3.38655585417,2.87893873499,0.507617119184
2017-12-22 01:00:00,30.09,30.996,18.7,24.1,211426.27728,51.0035328788,0.0,51.1169278541,78.5223963472,2.80891279655,2.8649335473,-0.0560207507475
2017-12-23 01:00:00,24.1,29.2,24.087,25.876,129834.32519,53.8931242388,13.4645593825,22.2717809816,52.6129900077,2.46600826085,2.78514849001,-0.319140229159
2017-12-24 01:00:00,25.869,26.0,21.1,24.443,109226.205584,51.2994436803,1.3788484466,4.9478026097,26.1121704818,2.05493481253,2.63910575451,-0.584170941986
2017-12-25 01:00:00,24.443,25.4,23.318,24.495,52553.8711708,51.389641915,1.79914299232,5.54751694047,10.9223668439,1.71359880814,2.45400436524,-0.740405557096
2017-12-26 01:00:00,24.495,25.767,24.495,25.0,32602.8708129,52.3012086398,6.04674854218,3.07491332703,4.52341095907,1.46692702342,2.25658889688,-0.789661873456
2017-12-27 01:00:00,25.0,25.55,23.359,24.449,46202.4110809,51.1884003287,0.861422411359,2.90243798195,3.84162274982,1.21299412059,2.04786994162,-0.834875821028
2017-12-28 01:00:00,24.449,24.632,21.672,23.0,61188.6992233,48.315997718,0.0,2.30272365118,2.76002498672,0.884630802185,1.81522211373,-0.930591311547
2017-12-29 01:00:00,22.998,24.5,22.505,23.891,51032.7261168,50.1438080017,7.56911953897,2.81018065011,2.67178076108,0.688361754407,1.58985004187,-0.90148828746
2017-12-30 01:00:00,23.891,24.38,20.705,20.707,77939.7044612,44.2077554347,0.0,2.52303984632,2.54531471587,0.272750828034,1.3264301991,-1.05367937107
2017-12-31 01:00:00,20.707,24.1,20.31,23.2,77736.3493976,49.209705119,17.7019453012,8.42368828004,4.58563625883,0.142893255201,1.08972281032,-0.946829555119
2018-01-01 01:00:00,23.067,27.3,22.133,24.864,149914.742627,52.2459426468,28.4472174514,15.3830542509,8.77659412574,0.172265319161,0.906231312089,-0.733965992927
2018-01-02 01:00:00,24.868,29.8,24.7,26.959,137289.892125,55.7819581467,40.9612083776,29.0367903767,17.6145109692,0.360436989567,0.797072447584,-0.436635458017
2018-01-03 01:00:00,26.959,28.0,25.8,27.408,81865.041768,56.5151757033,43.5560719608,37.6548325966,27.3582257414,0.539575056243,0.745572969316,-0.205997913073
2018-01-04 01:00:00,27.62,31.5,26.0,29.088,137125.777453,59.2044669634,53.0734981224,45.8635928203,37.5184052645,0.80779348391,0.758017072235,0.0497764116749
2018-01-05 01:00:00,29.295,29.989,26.197,26.47,83194.5775069,53.7051890287,33.6115036324,43.4136912385,42.3107055518,0.799887198077,0.766391097403,0.0334961006736
2018-01-06 01:00:00,26.215,28.886,26.01,28.3,71676.0685097,56.6927848154,44.1846322196,43.6232113248,44.3001651279,0.930560196947,0.799224917312,0.131335279635
2018-01-07 01:00:00,28.3,29.764,28.13,28.774,59560.1313678,57.4485041708,68.0323621981,48.60949935,45.2154673044,1.06014661832,0.851409257513,0.208737360806
2018-01-08 01:00:00,28.907,30.69,24.01,28.433,124557.160165,56.6923167157,83.2486592621,65.1552178933,52.462642856,1.12239071919,0.905605549848,0.216785169338
2018-01-09 01:00:00,28.497,32.68,27.0,31.502,122077.330398,61.5340281382,100.0,83.7603404867,65.84168591,1.40318720027,1.00512187993,0.39806532034
2018-01-10 01:00:00,31.985,32.79,28.0,30.2,124227.040342,58.5818661399,82.9613555735,88.7366716119,79.2174099973,1.5033304581,1.10476359557,0.398566862535
2018-01-11 01:00:00,30.2,31.152,26.501,27.786,33797.3658405,53.5233477883,53.7657031783,78.9090195839,83.8020105608,1.37208850389,1.15822857723,0.213859926656
2018-01-12 01:00:00,27.786,27.786,27.786,27.786,0.0,53.5233477883,53.7657031783,63.4975873101,77.047759502,1.25362727476,1.17730831674,0.0763189580203
2018-01-13 01:00:00,28.681,34.5,28.153,33.99,105473.312306,62.8343128223,100.0,69.1771354522,70.5279141154,1.64143540265,1.27013373392,0.37130166873
2018-01-14 01:00:00,33.987,39.6,33.0,35.245,240592.232615,64.3685558499,100.0,84.5885677261,72.4210968295,2.02668182305,1.42144335174,0.605238471302
2018-01-15 01:00:00,35.2,36.318,32.0,32.837,119521.462653,59.3719509806,75.2162376173,91.7387458724,81.8348163503,2.11332580686,1.55981984277,0.55350596409
2018-01-16 01:00:00,32.837,35.0,18.5,23.477,384211.910618,44.958666275,3.72460827359,59.6469486303,78.6580874096,1.41045911831,1.52994769788,-0.119488579565
2018-01-17 01:00:00,23.444,25.817,18.002,24.157,244549.066961,45.971107254,5.21610890749,28.0523182661,59.812670923,0.897951494882,1.40354845728,-0.505596962395
2018-01-18 01:00:00,24.157,27.892,23.0,25.052,223494.947183,47.3260462605,12.1967720441,7.04582974173,31.5816988794,0.557577129006,1.23435419162,-0.676777062616
2018-01-19 01:00:00,25.052,28.799,24.24,26.414,164637.430829,49.3786740572,22.7719367756,13.3949392424,16.1643624168,0.39319747336,1.06612284797,-0.67292537461
2018-01-20 01:00:00,26.4,29.291,26.328,28.784,99528.6962181,52.7806736111,40.2990821039,25.0892636412,15.1766775418,0.448988940037,0.942696066383,-0.493707126346
2018-01-21 01:00:00,28.784,29.848,24.069,25.129,221395.040031,47.5449891793,13.3247687696,25.4652625497,21.3164884778,0.196016568459,0.793360166798,-0.597343598339
2018-01-22 01:00:00,25.129,27.9,21.545,23.91,261713.981701,45.9304646916,5.00671790448,19.543522926,23.3660163723,-0.10165713085,0.614356707269,-0.716013838119
2018-01-23 01:00:00,23.91,25.06,21.303,23.002,155647.343274,44.7283825134,0.0,6.11049555801,17.0397603446,-0.406151828249,0.410255000165,-0.816406828414
2018-01-24 01:00:00,23.016,24.555,23.0,24.059,102920.675687,46.4614597672,8.82414439075,4.61028743174,10.0881019719,-0.555768450675,0.217050309997,-0.772818760672
2018-01-25 01:00:00,24.059,24.469,23.103,23.4,54745.9814748,45.5160508631,4.01049591695,4.2782134359,4.99966547522,-0.719225708123,0.0297951063731,-0.749020814496
2018-01-26 01:00:00,23.4,23.899,21.304,23.138,95974.2780644,45.1281513839,2.03546508295,4.95670179688,4.61506755484,-0.859994491502,-0.148162813202,-0.7118316783
2018-01-27 01:00:00,23.138,24.388,22.623,23.756,56534.6503675,46.2756234692,7.87793941182,4.64130013724,4.62540512334,-0.911183772023,-0.300767004966,-0.610416767057
2018-01-28 01:00:00,23.786,26.939,23.6,25.751,99976.7448308,49.871158846,26.1849844421,12.0327963123,7.21026608214,-0.781760173891,-0.396965638751,-0.384794535139
2018-01-29 01:00:00,25.752,26.3,24.517,25.18,75827.2744834,48.8764095866,21.1201143808,18.3943460782,11.6894808426,-0.717000828642,-0.460972676729,-0.256028151913
2018-01-30 01:00:00,25.18,25.305,21.268,21.501,175693.811832,43.0042463012,0.0,15.7683662743,15.3985028883,-0.951573981754,-0.559092937734,-0.39248104402
2018-01-31 01:00:00,21.501,22.815,20.604,22.815,136941.678799,45.4895152189,11.6328070984,10.9176404931,15.0267842819,-1.01969170591,-0.651212691369,-0.36847901454
2018-02-01 01:00:00,22.815,22.933,18.21,19.543,143051.789011,40.7843847459,0.0,3.87760236614,10.1878697112,-1.32245411992,-0.78546097708,-0.536993142844
2018-02-02 01:00:00,19.543,19.603,13.752,18.524,349676.370705,39.4347108424,0.0,3.87760236614,6.22428174178,-1.62587818652,-0.953544418968,-0.67233376755
2018-02-03 01:00:00,18.524,20.247,16.504,19.559,107929.760194,41.5231137052,15.6481993771,5.21606645905,4.32375706378,-1.76251096591,-1.11533772836,-0.647173237555
2018-02-04 01:00:00,19.559,19.945,15.54,16.581,85580.4107912,37.563359787,0.0,5.21606645905,4.76991176141,-2.0870350983,-1.30967720235,-0.777357895958
2018-02-05 01:00:00,16.581,16.875,12.352,13.013,163754.038239,33.4969374867,0.0,5.21606645905,5.21606645905,-2.60213480205,-1.56816872229,-1.03396607976
2018-02-06 01:00:00,13.013,15.841,10.984,15.5,250560.167896,38.4329502041,25.5967655104,8.53225517014,6.32146269608,-2.77765582576,-1.81006614298,-0.967589682777
2018-02-07 01:00:00,15.5,16.953,13.925,14.699,170908.054735,37.4809631627,24.3310847493,16.6426167532,10.1303127941,-2.94741553578,-2.03753602154,-0.909879514237
2018-02-08 01:00:00,14.713,17.999,14.641,17.763,136104.41212,43.1992575477,59.2536270773,36.393825779,20.5228992341,-2.80240772413,-2.19051036206,-0.611897362073
2018-02-09 01:00:00,17.763,21.551,17.072,21.084,214586.477391,48.6120861086,92.3106405508,58.6317841258,37.2227422193,-2.39193826801,-2.23079594325,-0.16114232476
2018-02-10 01:00:00,21.084,21.525,18.4,19.742,165665.251837,46.701301128,80.6411697483,77.4018124588,57.4758074545,-2.15014096457,-2.21466494751,0.0645239829404
2018-02-11 01:00:00,19.656,21.288,17.145,19.411,179006.114911,46.2251440436,77.7332019499,83.5616707496,73.1984224447,-1.96260016029,-2.16425199007,0.201651829778
2018-02-12 01:00:00,19.411,24.463,19.411,24.031,177567.885486,53.2881738104,100.0,86.124790566,82.3627579248,-1.42475365938,-2.01635232393,0.591598664549
2018-02-13 01:00:00,24.031,27.738,22.602,26.9,338983.156803,57.0134768915,100.0,92.5777339833,87.421398433,-0.758261344889,-1.76473412812,1.00647278323
2018-02-14 01:00:00,26.903,29.081,26.374,28.09,278302.382164,58.4729990245,100.0,100.0,92.9008415164,-0.132510826754,-1.43828946785,1.3057786411
2018-02-15 01:00:00,28.09,28.434,25.8,27.211,124580.682778,56.9553078049,93.9234165592,97.9744721864,96.8507353899,0.289139987474,-1.09280357678,1.38194356426
2018-02-16 01:00:00,27.121,28.249,25.903,28.099,66772.7788303,58.1220280235,98.5947704345,97.5060623312,98.4935115059,0.68703575375,-0.736835710678,1.42387146443
2018-02-17 01:00:00,28.099,28.3,27.38,28.118,60789.3951299,58.1478170416,98.6980253774,97.0720707903,97.5175351027,0.992463653211,-0.3909758379,1.38343949111
2018-02-18 01:00:00,28.118,28.238,25.041,27.801,118713.429155,57.5199005478,96.1839520805,97.8255826308,97.4679052508,1.19516113965,-0.0737484423908,1.26890958204
2018-02-19 01:00:00,27.801,32.0,26.963,31.019,181673.565276,61.9515112605,100.0,98.293992486,97.7305486357,1.59705619438,0.260412484963,1.33664370942
2018-02-20 01:00:00,31.019,34.5,29.15,29.6,190943.922193,59.0646303836,89.8544223511,95.3461248105,97.1552333091,1.78053458547,0.564436905065,1.21609768041
2018-02-21 01:00:00,29.697,31.32,26.782,28.05,192863.651428,56.0341730954,79.204263567,89.6862286394,94.4421153119,1.78034774561,0.807619073175,0.972728672438
2018-02-22 01:00:00,28.05,29.392,24.45,25.408,138308.728671,51.2701353414,62.4616555355,77.1734471512,87.4019335337,1.54915466315,0.95592619117,0.593228471981
2018-02-23 01:00:00,25.408,29.937,24.5,29.364,212482.683431,57.0760931938,80.0763838748,73.9141009924,80.2579255943,1.66594464512,1.09792988196,0.568014763159
2018-02-24 01:00:00,29.151,31.7,28.101,29.798,163205.377929,57.6640566048,82.479122909,75.0057207731,75.3644229722,1.7730827262,1.23296045081,0.540122275394
2018-02-25 01:00:00,29.798,30.1,27.426,28.63,84585.2798313,55.4905925031,65.5459079406,76.0338049081,74.9845422246,1.74364295809,1.33509695227,0.408546005827
2018-02-26 01:00:00,28.63,29.6,27.095,28.7,86471.7969253,55.5971642594,59.5943111751,69.2064473415,73.4153243409,1.70629108327,1.40933577847,0.296955304804
2018-02-27 01:00:00,28.7,30.18,28.21,29.053,63612.0169111,56.1595968179,63.170677864,62.7702989932,69.3368504143,1.68574142541,1.46461690785,0.221124517554
2018-02-28 01:00:00,29.053,29.66,26.744,27.147,76959.151056,52.3551110688,38.9789131888,53.914634076,61.9637934702,1.49838495358,1.471370517,0.0270144365765
2018-03-01 01:00:00,27.147,28.44,25.782,27.267,64463.5002379,52.5700484484,12.1699031743,38.1064980757,51.597143715,1.34409273258,1.44591496012,-0.101822227533
2018-03-02 01:00:00,27.198,27.592,24.402,24.76,108591.406867,47.7849708693,0.0,17.0496054544,36.3569125353,1.00790261377,1.35831249085,-0.350409877077
2018-03-03 01:00:00,24.76,25.748,22.824,23.202,155653.488331,45.0758017052,0.0,4.05663439143,19.7375793072,0.608734827078,1.20839695809,-0.599662131014
2018-03-04 01:00:00,23.202,25.228,22.77,23.7,106905.388957,46.1133699019,6.14829375493,2.04943125164,7.71855703248,0.328785879362,1.03247474235,-0.703688862984
2018-03-05 01:00:00,23.805,24.46,21.151,21.321,301356.590887,42.0786892468,0.0,2.04943125164,2.7184989649,-0.0840719671888,0.80916540044,-0.893237367628
2018-03-06 01:00:00,21.435,21.95,19.731,19.907,125004.585572,39.8754012073,0.0,2.04943125164,2.04943125164,-0.519375727681,0.543457174815,-1.0628329025
2018-03-07 01:00:00,19.907,20.342,16.5,17.661,248045.613034,36.6377699353,0.0,2.57571741713e-14,1.36628750109,-1.03367496194,0.228030747465,-1.2617057094
2018-03-08 01:00:00,17.661,20.95,16.832,18.053,268947.585727,37.5776398741,3.71288434492,1.23762811497,1.09568645554,-1.39356553052,-0.0962885081332,-1.29727702239
2018-03-09 01:00:00,18.053,18.572,16.31,17.934,207978.642606,37.3987096293,3.39298358641,2.36862264378,1.20208358625,-1.66914286454,-0.410859379414,-1.25828348512
2018-03-10 01:00:00,18.0,18.52,16.699,16.852,80588.1443347,35.7540040009,0.0,2.36862264378,1.99162446751,-1.95234285142,-0.719156073815,-1.2331867776
2018-03-11 01:00:00,16.852,17.743,15.921,17.405,108666.779818,37.2524973358,6.83929592492,3.41075983711,2.71600170822,-2.10786030152,-0.996896919357,-1.11096338217
2018-03-12 01:00:00,17.405,17.825,15.991,16.491,96078.0764435,35.7866789992,0.149132450054,2.32947612499,2.70295286863,-2.27859493848,-1.25323652318,-1.0253584153
2018-03-13 01:00:00,16.551,16.99,15.813,16.051,47142.2687428,35.0806416023,0.0,2.32947612499,2.68990402903,-2.42149421316,-1.48688806118,-0.934606151979
2018-03-14 01:00:00,16.051,16.331,12.844,13.803,169634.373431,31.6870421719,0.0,0.0497108166848,1.56955435556,-2.68518459402,-1.72654736775,-0.958637226272
2018-03-15 01:00:00,13.8,15.88,12.701,14.901,211408.287739,34.9526041938,13.3437725205,4.44792417351,2.27570370506,-2.77358948393,-1.93595579098,-0.837633692951
2018-03-16 01:00:00,14.901,15.088,13.934,14.426,66594.6505858,34.2011275635,10.2730811227,7.87228454774,4.12330651265,-2.84913645485,-2.11859192376,-0.730544531093
2018-03-17 01:00:00,14.426,14.69,12.923,13.191,40696.397258,32.2836893155,2.85709411634,8.82464925319,7.04828599148,-2.97437540409,-2.28974861982,-0.684626784264
2018-03-18 01:00:00,13.191,14.0,11.632,13.61,116087.58772,33.6250972282,9.28053667477,7.4702373046,8.05572370184,-3.00517657054,-2.43283420997,-0.572342360571
2018-03-19 01:00:00,13.617,15.85,13.252,15.83,126700.920485,40.2843241882,53.4061380067,21.8479229326,12.7142698301,-2.81796749501,-2.50986086697,-0.308106628039
2018-03-20 01:00:00,15.741,17.438,14.42,16.422,150697.394186,41.9348899914,71.0357341891,44.5741362902,24.6307655091,-2.59195505698,-2.52627970498,-0.0656753520069
2018-03-21 01:00:00,16.422,17.514,15.474,15.899,119607.015612,40.8744042157,63.6846896573,62.708853951,43.0436377246,-2.42706263338,-2.50643629066,0.0793736572808
2018-03-22 01:00:00,15.899,16.759,14.794,15.944,66630.9427318,41.0107814084,89.7234015874,74.8146084779,60.699199573,-2.26662483558,-2.45847399964,0.19184916406
2018-03-23 01:00:00,15.944,15.944,14.516,15.504,76896.1239759,40.0510510437,81.617223627,78.3417716239,71.9550780176,-2.1501949389,-2.39681818749,0.246623248594
2018-03-24 01:00:00,15.504,15.73,14.773,14.823,25053.5913052,38.5668631584,67.1343008568,79.4916420238,77.5493407085,-2.08879607467,-2.33521376493,0.246417690256
2018-03-25 01:00:00,14.823,15.064,14.517,14.64,24846.0527032,38.1630771495,63.194097841,70.648540775,76.1606514742,-2.03148589815,-2.27446819157,0.242982293426
2018-03-26 02:00:00,14.64,14.685,12.395,13.168,105048.511867,35.0287306309,32.6086854317,54.3123613765,68.1508480584,-2.08085842767,-2.23574623879,0.154887811123
2018-03-27 02:00:00,13.168,13.89,12.315,12.814,105416.379484,34.3087303589,25.5828173209,40.4618668645,55.1409230053,-2.1240664388,-2.21341027879,0.0893438399905
2018-03-28 02:00:00,12.784,13.591,12.666,13.059,40625.8341521,35.2868512918,35.1274646477,31.1063224668,41.9601835693,-2.11416882429,-2.19356198789,0.079393163601
2018-03-29 02:00:00,13.059,13.096,11.673,11.912,118889.662335,32.8535625847,11.3830770457,24.0311196714,31.8664363342,-2.17381976649,-2.18961354361,0.0157937771204
2018-03-30 02:00:00,11.912,12.318,11.157,11.625,89413.7797035,32.2621086834,5.61158324802,17.3740416472,24.1704945951,-2.21867654723,-2.19542614434,-0.0232504028943
2018-03-31 02:00:00,11.625,12.045,11.391,11.587,95929.783857,32.1806076137,4.81628387295,7.27031472224,16.2251586803,-2.23156802448,-2.20265452037,-0.028913504114
2018-04-01 02:00:00,11.587,11.759,10.571,10.971,98411.7408153,30.8387886551,0.0,3.47595570699,9.3734373588,-2.26537681122,-2.21519897854,-0.0501778326823
2018-04-02 02:00:00,10.971,11.573,10.905,11.442,47144.1881764,33.1048085501,20.4217664051,8.41268342603,6.38631795175,-2.22847626737,-2.2178544363,-0.0106218310651
2018-04-03 02:00:00,11.442,12.549,11.364,12.286,74187.491163,37.032761293,55.8211614163,25.4143092738,12.4343161356,-2.1068422086,-2.19565199076,0.0888097821644
2018-04-04 02:00:00,12.286,12.286,10.901,11.08,76023.3654551,34.0016290899,28.5040694829,34.9156657681,22.9142194893,-2.08374039949,-2.17326967251,0.0895292730166
2018-04-05 02:00:00,11.08,11.317,10.742,11.126,44507.9177811,34.2198283371,30.4705191446,38.2652500146,32.8650750188,-2.03822484649,-2.1462607073,0.108035860811
2018-04-06 02:00:00,11.126,11.297,10.6,10.693,27875.0250336,33.1245389542,20.5995802476,26.5247229584,33.2352129137,-2.01387818991,-2.11978420383,0.105906013915
2018-04-07 02:00:00,10.693,11.229,10.693,10.902,26528.2556134,34.204564788,33.0886603487,28.0529199136,30.9476309622,-1.9551806306,-2.08686348918,0.131682858584
2018-04-08 02:00:00,10.902,11.778,10.902,11.529,32730.1687399,37.4257323961,64.7556865284,39.4813090415,31.3529839712,-1.83689415956,-2.03686962326,0.199975463697
2018-04-09 02:00:00,11.529,11.839,10.77,11.034,50731.3260765,35.9494272566,55.4764767424,51.1069412065,39.5470567205,-1.7627734867,-1.98205039594,0.219276909245
2018-04-10 02:00:00,11.034,11.265,10.76,11.068,14924.7958897,36.1332854786,68.5099091791,62.9140241499,51.1674247993,-1.681900897,-1.92202049616,0.240119599152
2018-04-11 02:00:00,11.068,11.881,11.0,11.8,33424.1545984,40.0685669744,100.0,74.6621286405,62.8943646656,-1.54097905725,-1.84581220837,0.304833151126
2018-04-12 02:00:00,11.8,13.268,11.092,13.168,100918.601373,46.6018489487,100.0,89.5033030597,75.69315195,-1.30388098841,-1.73742596438,0.433544975971
2018-04-13 02:00:00,13.168,13.6,12.53,12.655,80464.910001,44.6619691775,87.6935078912,95.8978359637,86.687755888,-1.14418442749,-1.618777657,0.474593229515
2018-04-14 02:00:00,12.655,13.296,12.54,13.067,30449.0024464,46.5601842106,99.7356811603,95.8097296838,93.7369562358,-0.973160803661,-1.48965428633,0.516493482674
2018-04-15 02:00:00,13.067,13.805,13.032,13.65,30094.4410038,49.1810665891,100.0,95.8097296838,95.8390984438,-0.781570661873,-1.34803756144,0.566466899569
2018-04-16 02:00:00,13.65,13.734,12.576,13.008,44484.9223547,46.5120953421,85.4490742286,95.0615851296,95.5603481658,-0.673771312474,-1.21318431165,0.539412999174
2018-04-17 02:00:00,13.048,13.649,12.93,12.955,32689.3529446,46.2917421947,84.2477340886,89.8989361057,93.5900836397,-0.585862747418,-1.0877199988,0.501857251384
2018-04-18 02:00:00,12.955,14.5,12.955,14.27,98507.0482806,52.2547130078,100.0,89.8989361057,91.6198191137,-0.405411732091,-0.95125834546,0.54584661337
2018-04-19 02:00:00,14.27,14.949,14.102,14.9,87345.5051855,54.8087083924,100.0,94.7492446962,91.5157056359,-0.209156244502,-0.802837925269,0.593681680766
2018-04-20 02:00:00,14.9,16.098,14.516,15.981,79325.9761109,58.824259025,100.0,100.0,94.882726934,0.0332223425767,-0.6356258717,0.668848214276
2018-04-21 02:00:00,16.025,16.32,14.277,15.124,78173.6425748,54.7280299655,84.0611919188,94.6870639729,96.4787695564,0.154376821427,-0.477625333074,0.632002154501
2018-04-22 02:00:00,15.124,16.003,14.806,15.28,50673.881006,55.3296466499,86.4021383678,90.1544434289,94.9471691339,0.259983586094,-0.330103549241,0.590087135335
2018-04-23 02:00:00,15.28,17.0,15.243,16.777,101370.601419,60.6599456877,100.0,90.1544434289,91.6653169436,0.459179956291,-0.172246848134,0.631426804425
2018-04-24 02:00:00,16.777,18.767,16.706,18.018,120937.349317,64.401427898,100.0,95.4673794559,91.9254221046,0.709009819479,0.00400448538828,0.70500533409
2018-04-25 02:00:00,18.018,18.322,14.8,15.178,215738.663484,52.3056720231,57.4871516861,85.829050562,90.4836244823,0.67011287674,0.137226163659,0.532886713081
2018-04-26 02:00:00,15.238,17.85,14.835,17.302,111944.429414,58.4994605034,79.2564063629,78.9145193497,86.7369831225,0.801437347509,0.270068400429,0.53136894708
2018-04-27 02:00:00,17.302,18.159,16.5,16.962,152875.975788,57.2352865417,74.6494083338,70.4643221276,78.4026306798,0.868071193866,0.389668959116,0.47840223475
2018-04-28 02:00:00,16.962,18.45,16.842,17.921,70622.3391689,59.8363828203,81.2391765519,78.3816637495,75.9201684089,0.986886074131,0.509112382119,0.477773692012
2018-04-29 02:00:00,17.831,18.368,16.775,17.943,68203.3910555,59.8958384953,77.1747064268,77.6877637708,75.5112498827,1.07048307634,0.621386520964,0.449096555378
2018-04-30 02:00:00,17.94,18.9,17.596,17.98,74259.4823077,60.0016445724,77.7107194886,78.7082008224,78.2592094476,1.12673163276,0.722455543323,0.404276089437
2018-05-01 02:00:00,17.981,18.033,17.0,17.927,58011.2701295,59.7616800411,74.3797438952,76.4217232702,77.6058959545,1.15373284781,0.808711004221,0.345021843593
2018-05-02 02:00:00,17.927,18.182,17.467,18.082,21686.3187107,60.2555865612,77.1070497594,76.3991710477,77.1763650468,1.17410436562,0.8817896765,0.292314689116
2018-05-03 02:00:00,18.082,19.5,17.815,18.843,111164.696472,62.647298308,90.3138595625,80.600217739,77.8070373523,1.23739140246,0.952910021693,0.28448138077
2018-05-04 02:00:00,18.843,18.956,17.968,18.667,108821.86733,61.7344113433,85.2729826542,84.2312973254,80.410228704,1.25883405068,1.01409482749,0.244739223187
2018-05-05 02:00:00,18.667,19.3,18.43,18.9,40511.0009408,62.5029816234,84.3707019407,86.6525147192,83.8280099279,1.27987505369,1.06725087273,0.212624180956
2018-05-06 02:00:00,18.9,21.444,18.848,20.95,108877.146818,68.4304639335,100.0,89.8812281983,86.9216800809,1.44530746284,1.14286219075,0.302445272087
2018-05-07 02:00:00,20.941,21.127,18.83,19.704,76480.4942247,62.0917579639,60.6896882465,81.6867967291,86.0735132155,1.4590529975,1.2061003521,0.252952645398
2018-05-08 02:00:00,19.704,19.862,18.416,18.792,43556.3411082,57.9194058234,34.8143022965,65.1679968477,78.9120072583,1.3804427697,1.24096883562,0.139473934077
2018-05-09 02:00:00,18.792,18.822,17.017,17.967,101735.663606,54.405593205,13.0229350781,36.1756418737,61.0101451501,1.23731005253,1.240237079,-0.00292702646926
2018-05-10 02:00:00,17.967,18.289,16.418,16.45,78530.0097897,48.6404196681,0.0,15.9457457915,39.0964615043,0.990054390339,1.19020054127,-0.20014615093
2018-05-11 02:00:00,16.45,16.62,14.148,14.731,163338.346914,43.1369395824,0.0,4.34097835938,18.8207886749,0.64792469044,1.0817453711,-0.433820680664
2018-05-12 02:00:00,14.731,15.525,13.745,15.18,65659.3643047,44.8681198465,6.84436158503,2.28145386168,7.5227260042,0.408308262422,0.947057949367,-0.538749686945
2018-05-13 02:00:00,15.18,15.98,14.82,15.668,36510.1347346,46.7405730449,14.2472571734,7.03053958616,4.55099060241,0.254850283065,0.808616416107,-0.553766133042
2018-05-14 02:00:00,15.657,16.0,14.501,15.619,69119.2884507,46.5718258239,13.5801013489,11.5572400358,6.95641116121,0.127806563818,0.672454445649,-0.544647881831
2018-05-15 02:00:00,15.619,16.698,15.3,15.33,63133.8338789,45.5414859784,9.5065692018,12.4446425747,10.3441407322,0.00376027023404,0.538715610566,-0.534955340332
2018-05-16 02:00:00,15.33,15.433,14.252,14.9,54989.3981577,44.0025018116,3.42207047642,8.83624700903,10.9460432065,-0.127771843204,0.405418119812,-0.533189963016
2018-05-17 02:00:00,14.9,15.5,14.069,14.413,56378.4499836,42.2830777852,0.0,4.30954655941,8.53014538105,-0.268216982299,0.27069109939,-0.538908081689
2018-05-18 02:00:00,14.413,15.4,14.054,15.308,29513.8663584,46.3747248715,15.6483981345,6.35682287029,6.50087214624,-0.303799732504,0.155792933011,-0.459592665516
2018-05-19 02:00:00,15.308,15.429,14.813,14.971,25765.0606134,45.0957373698,10.7569436142,8.80178058287,6.48938333752,-0.355099041269,0.0536145381549,-0.408713579424
2018-05-20 02:00:00,15.012,15.574,14.82,15.409,33527.2054354,47.110069585,18.460704915,14.9553488879,10.0379841137,-0.356303923734,-0.0283691542229,-0.327934769511
2018-05-21 02:00:00,15.409,15.482,14.824,14.91,13096.3487257,45.1068749483,10.7995389943,13.3390625078,12.3653973262,-0.392993744199,-0.101294072218,-0.291699671981
2018-05-22 02:00:00,14.91,14.923,13.8,13.816,34214.2697569,41.0416896172,0.0,9.75341463641,12.6826086774,-0.504531424116,-0.181941542598,-0.322589881518
2018-05-23 02:00:00,13.816,14.159,12.336,12.7,73065.1613402,37.3894252162,0.0,3.59984633142,8.89744115854,-0.675194490443,-0.280592132167,-0.394602358276
2018-05-24 02:00:00,12.7,13.423,12.157,13.36,46518.5300975,40.7050354538,13.4222555881,4.47408519603,5.94244872129,-0.748560773286,-0.374185860391,-0.374374912896
2018-05-25 02:00:00,13.36,13.443,12.633,13.015,31143.2659446,39.5420375717,10.4852137791,7.96915645574,5.3476959944,-0.825032239636,-0.46435513624,-0.360677103397
2018-05-26 02:00:00,13.015,13.573,12.904,13.084,25785.8425513,39.9068876289,14.7945319671,12.9006671114,8.44796958774,-0.870039431339,-0.54549199526,-0.32454743608
2018-05-27 02:00:00,13.084,13.201,12.78,12.936,22820.602013,39.3654878013,17.563448223,14.2810646564,11.7169627412,-0.907192764652,-0.617832149138,-0.289360615514
2018-05-28 02:00:00,12.936,13.264,12.17,12.3,27873.8535418,37.0692921651,0.0,10.7859933967,12.6559083882,-0.976698165229,-0.689605352356,-0.287092812873
