datetime,rsi,stoch_rsi,fast_k,fast_d
2016-06-20 02:00:00,0.0,0.0,0.0,0.0
2016-06-21 02:00:00,0.0,0.0,0.0,0.0
2016-06-22 02:00:00,0.0,0.0,0.0,0.0
2016-06-23 02:00:00,0.0,0.0,0.0,0.0
2016-06-24 02:00:00,0.0,0.0,0.0,0.0
2016-06-25 02:00:00,0.0,0.0,0.0,0.0
2016-06-26 02:00:00,0.0,0.0,0.0,0.0
2016-06-27 02:00:00,0.0,0.0,0.0,0.0
2016-06-28 02:00:00,0.0,0.0,0.0,0.0
2016-06-29 02:00:00,0.0,0.0,0.0,0.0
2016-06-30 02:00:00,0.0,0.0,0.0,0.0
2016-07-01 02:00:00,0.0,0.0,0.0,0.0
2016-07-02 02:00:00,0.0,0.0,0.0,0.0
2016-07-03 02:00:00,0.0,0.0,0.0,0.0
2016-07-04 02:00:00,0.0,0.0,0.0,0.0
2016-07-05 02:00:00,0.0,0.0,0.0,0.0
2016-07-06 02:00:00,0.0,0.0,0.0,0.0
2016-07-07 02:00:00,41.7344173442,100.0,0.0,0.0
2016-07-08 02:00:00,50.2566697997,100.0,0.0,0.0
2016-07-09 02:00:00,48.0,95.509710833,98.5032369443,0.0
2016-07-10 02:00:00,47.5588058663,94.6318290802,96.7138466377,0.0
2016-07-11 02:00:00,44.8671687327,89.2760481574,93.1391960235,96.1187598685
2016-07-12 02:00:00,45.0209393521,89.5820187281,91.1632986552,93.6721137722
2016-07-13 02:00:00,44.3636012534,88.274056817,89.0440412342,91.115511971
2016-07-14 02:00:00,52.0928435843,100.0,92.6186918484,90.9420105793
2016-07-15 02:00:00,54.4831178821,100.0,96.0913522723,92.5846951183
2016-07-16 02:00:00,52.4539565444,96.2756145084,98.7585381695,95.8228607634
2016-07-17 02:00:00,48.6070402408,89.2148653202,95.1634932762,96.671127906
2016-07-18 02:00:00,48.467162935,88.958130186,91.4828700049,95.1349671502
2016-07-19 02:00:00,52.3296845283,96.0475218058,91.406839104,92.684400795
2016-07-20 02:00:00,57.3879274864,100.0,95.0018839973,92.6305310354
2016-07-21 02:00:00,58.2809837587,100.0,98.6825072686,95.0304101233
2016-07-22 02:00:00,67.6838378542,100.0,100.0,97.8947970886
2016-07-23 02:00:00,64.9843212098,96.0115786427,98.6705262142,99.1176778276
2016-07-24 02:00:00,54.5196652215,49.2698781939,81.7604856122,93.4770039421
2016-07-25 02:00:00,58.6956750148,61.4576687481,68.9130418616,83.1146845627
2016-07-26 02:00:00,49.602331405,22.4643096092,44.3972855171,65.0236043303
2016-07-27 02:00:00,53.7024478047,40.046105497,41.3226946181,51.5443406656
2016-07-28 02:00:00,52.9561121265,36.8457276836,33.1187142632,39.6128981328
2016-07-29 02:00:00,52.2362033945,33.7586718176,36.883501666,37.1083035158
2016-07-30 02:00:00,50.6172928229,26.8165871409,32.473662214,34.1586260478
2016-07-31 02:00:00,48.1616720789,0.0,20.1917529861,29.8496389554
2016-08-01 02:00:00,43.3232430081,0.0,8.9388623803,20.5347591935
2016-08-02 02:00:00,36.3471752067,0.0,5.3290705182e-14,9.71020512215
2016-08-03 02:00:00,44.1184002343,24.7991469768,8.26638232561,5.73508156864
2016-08-04 02:00:00,47.7315175568,36.3291473573,20.3760981114,9.547493479
2016-08-05 02:00:00,47.2109901339,34.6680661225,31.9321201522,20.1915335297
2016-08-06 02:00:00,47.0015278002,33.9996403363,34.998951272,29.1023898452
2016-08-07 02:00:00,47.3982730657,35.2657141039,34.6444735209,33.8585149817
2016-08-08 02:00:00,49.0692906464,40.5981823362,36.6211789255,35.4215345728
2016-08-09 02:00:00,52.9214896538,57.8769771446,44.5802911949,38.6153145471
2016-08-10 02:00:00,51.879193457,69.4991537852,55.9914377553,45.7309692919
2016-08-11 02:00:00,50.1476917528,61.7514225323,63.0425178207,54.538082257
2016-08-12 02:00:00,50.2546040335,80.1337388873,70.4614384016,63.1651313259
2016-08-13 02:00:00,49.1350056276,73.6826825894,71.855948003,68.4533014084
2016-08-14 02:00:00,47.341998863,66.1982383906,73.3382199557,71.8852021201
2016-08-15 02:00:00,47.113661633,64.9588642757,68.2799284185,71.1580321257
2016-08-16 02:00:00,46.6949002963,62.4322962056,64.5297996239,68.7159826661
2016-08-17 02:00:00,44.3040413613,48.0072112787,58.46612392,63.7586173208
2016-08-18 02:00:00,44.124009376,46.9210005287,52.453502671,58.4831420717
2016-08-19 02:00:00,44.124009376,46.9210005287,47.2830707787,52.7342324566
2016-08-20 02:00:00,48.0188101346,44.3072848008,46.0497619527,48.5954451342
2016-08-21 02:00:00,47.3743754955,36.9465576143,42.7249476479,45.3525934598
2016-08-22 02:00:00,46.5628794174,27.7223700917,36.3254041689,41.7000379232
2016-08-23 02:00:00,46.0297703989,21.6625779511,28.7771685524,35.9425067898
2016-08-24 02:00:00,46.5867094662,27.9932436605,25.7927305678,30.2984344297
2016-08-25 02:00:00,49.0981805165,56.540861513,35.3988943749,29.9895978317
2016-08-26 02:00:00,49.2858540923,58.674126606,47.7360772598,36.3092340675
2016-08-27 02:00:00,48.0620431093,50.7793714778,55.3314531989,46.1554749445
2016-08-28 02:00:00,45.9186841236,29.2740728727,46.2425236522,49.770018037
2016-08-29 02:00:00,46.9031597689,45.3324766697,41.7953070067,47.7897612859
2016-08-30 02:00:00,49.5074119073,100.0,58.2021831808,48.7466712799
2016-08-31 02:00:00,53.2623329064,100.0,81.7774922232,60.5916608036
2016-09-01 02:00:00,55.7208488102,100.0,100.0,79.9932251347
2016-09-02 02:00:00,56.6526518351,100.0,100.0,93.9258307411
2016-09-03 02:00:00,53.0914267885,71.5753318185,90.5251106062,96.8417035354
2016-09-04 02:00:00,52.5069414983,66.9101393039,79.4951570408,90.0067558823
2016-09-05 02:00:00,53.6984478408,76.4203982675,71.6352897967,80.5518524812
2016-09-06 02:00:00,52.0584727608,57.1996190247,66.843385532,72.6579441232
2016-09-07 02:00:00,50.6672984906,44.2391340708,59.2863837877,65.9216863721
2016-09-08 02:00:00,47.9446640854,18.8744741575,40.1044090843,55.4113928013
2016-09-09 02:00:00,51.5881532709,52.8180193907,38.643875873,46.0115562483
2016-09-10 02:00:00,57.2842175537,100.0,57.2308311827,45.3263720467
2016-09-11 02:00:00,50.4872034709,40.1962598181,64.3380930696,53.4042667084
2016-09-12 02:00:00,52.8237282611,60.754245984,66.983501934,62.8508087288
2016-09-13 02:00:00,53.7719443749,69.0971550042,56.6825536021,62.6680495352
2016-09-14 02:00:00,53.3918717892,65.7530745173,65.2014918352,62.9558491238
2016-09-15 02:00:00,53.8539473901,66.9564486129,67.2688927115,63.0509793829
2016-09-16 02:00:00,60.2408114124,100.0,77.5698410434,70.01340853
2016-09-17 02:00:00,61.5388931239,100.0,88.985482871,77.9414055419
2016-09-18 02:00:00,57.2809770814,68.6785029852,89.5595009951,85.3716083031
2016-09-19 02:00:00,62.9940207959,100.0,89.5595009951,89.3681616204
2016-09-20 02:00:00,69.9702868385,100.0,89.5595009951,89.5595009951
2016-09-21 02:00:00,64.8034490679,76.5416949679,92.1805649893,90.4331889931
2016-09-22 02:00:00,58.8361678983,49.4492434333,75.3303128004,85.6901262616
2016-09-23 02:00:00,59.9452823977,54.4848082018,60.158582201,75.8898199969
2016-09-24 02:00:00,55.2041457565,32.9592572815,45.6311029722,60.3733326579
2016-09-25 02:00:00,56.4247504306,38.5010060339,41.9816905057,49.2571252263
2016-09-26 02:00:00,54.1264484173,18.678998995,30.0464207701,39.2197380827
2016-09-27 02:00:00,56.4400817306,30.5540870887,29.2446973725,33.7576028828
2016-09-28 02:00:00,57.6177141433,36.5984712885,28.610519124,29.3005457556
2016-09-29 02:00:00,55.8974049795,17.9259103483,28.3594895752,28.7382353572
2016-09-30 02:00:00,57.2534693023,23.2929233681,25.9391016683,27.6363701225
2016-10-01 02:00:00,56.636701376,19.5726164241,20.2638167135,24.8541359857
2016-10-02 02:00:00,56.2504004222,14.8697105804,19.2450834575,21.8160006131
2016-10-03 02:00:00,58.7420294581,29.1317098675,21.191345624,20.233415265
2016-10-04 02:00:00,56.8167119357,16.9798722184,20.3270975554,20.254508879
2016-10-05 02:00:00,54.6420040875,3.25398212549,16.4551880705,19.32454375
2016-10-06 02:00:00,52.8942294686,0.0,6.74461811462,14.5089679135
2016-10-07 02:00:00,50.266083749,0.0,1.0846607085,8.09482229786
2016-10-08 02:00:00,44.9292708889,0.0,5.34387349186e-14,2.6097596077
2016-10-09 02:00:00,43.4059186458,0.0,5.34387349186e-14,0.361553569499
2016-10-10 02:00:00,41.1806407064,0.0,5.34387349186e-14,3.59712259979e-14
2016-10-11 02:00:00,42.5224346514,7.64059132197,2.54686377399,0.84895459133
2016-10-12 02:00:00,44.89680642,21.1610013659,9.60053089597,4.04913155665
2016-10-13 02:00:00,44.1698037068,17.0212221977,15.2742716285,9.14055543283
2016-10-14 02:00:00,45.1141043295,22.3983631292,20.1935288976,15.0227771407
2016-10-15 02:00:00,45.9239344024,27.0097869996,22.1431241089,19.203641545
2016-10-16 02:00:00,45.4959908754,24.5729436895,24.6603646061,22.3323392042
2016-10-17 02:00:00,46.5543156208,30.5993733775,27.3940346889,24.7325078013
2016-10-18 02:00:00,55.3127532914,80.4726367877,45.2149846182,32.4231279711
2016-10-19 02:00:00,47.730965163,37.2995811962,49.4571971204,40.6887388092
2016-10-20 02:00:00,49.8383089462,49.2994509844,55.6905563228,50.1209126871
2016-10-21 02:00:00,49.9811530325,56.2833987965,47.6274769923,50.9250768119
2016-10-22 02:00:00,49.3834840019,58.0439990569,54.5422829459,52.6201054203
2016-10-23 02:00:00,48.011001845,48.3322015555,54.2198664696,52.1298754693
2016-10-24 02:00:00,47.6980038109,46.1174015231,50.8312007118,53.1977833758
2016-10-25 02:00:00,40.3004871795,0.0,31.4832010262,45.5114227359
2016-10-26 02:00:00,41.9255364448,10.8248098803,18.9807371345,33.7650462908
2016-10-27 02:00:00,41.6577993826,9.04135453646,6.6220548056,19.0286643221
2016-10-28 02:00:00,35.5132576664,0.0,6.6220548056,10.7416155819
2016-10-29 02:00:00,29.9847961955,0.0,3.01378484549,5.41929815223
2016-10-30 02:00:00,39.9218818674,39.2336643429,13.0778881143,7.57124258846
2016-10-31 01:00:00,39.9218818674,39.2336643429,26.1557762286,14.0824830628
2016-11-01 01:00:00,37.2370774366,28.6335025505,35.7002770788,24.9779804739
2016-11-02 01:00:00,36.943765834,27.4754478307,31.7808715747,31.212308294
2016-11-03 01:00:00,37.4671144297,29.5417360582,28.5502288131,32.0104591555
2016-11-04 01:00:00,41.7478893295,46.443118525,34.4867674713,31.605955953
2016-11-05 01:00:00,40.9146312501,54.6591318794,43.5479954875,35.5283305907
2016-11-06 01:00:00,39.3643092986,46.9061098456,49.3361200833,42.4569610141
2016-11-07 01:00:00,39.7375641996,48.7727243697,50.1126553649,47.6655903119
2016-11-08 01:00:00,39.2244745442,47.6304296501,47.7697546218,49.0728433567
2016-11-09 01:00:00,39.4322062169,52.409310118,49.6041547126,49.1621882331
2016-11-10 01:00:00,37.7855246018,44.0390502707,48.0262633463,48.4667242269
2016-11-11 01:00:00,35.6750009246,47.6537016154,48.034020668,48.554812909
2016-11-12 01:00:00,30.3790310679,3.30159491089,31.6647822656,42.5750220933
2016-11-13 01:00:00,36.5537416386,55.8436915205,35.5996626823,38.432821872
2016-11-14 01:00:00,35.8546971876,49.9009990418,36.3487618244,34.5377355908
2016-11-15 01:00:00,40.3023469577,87.7112052469,64.4852986031,45.4779077033
2016-11-16 01:00:00,38.4975311172,71.4099856155,69.6740633014,56.836041243
2016-11-17 01:00:00,37.981195503,66.8683192293,75.3298366973,69.8297328672
2016-11-18 01:00:00,33.0377682948,23.386141033,53.888148626,66.2973495415
2016-11-19 01:00:00,37.5606984236,63.1696445714,51.1413682779,60.1197845337
2016-11-20 01:00:00,36.7221609285,55.7939039664,47.4498965236,50.8264711425
2016-11-21 01:00:00,37.1481201198,59.5406231312,59.5013905563,52.697551786
2016-11-22 01:00:00,42.3061606114,100.0,71.7781756992,59.5764875931
2016-11-23 01:00:00,42.1591167466,98.7671479186,86.1025903499,72.4607188685
2016-11-24 01:00:00,34.9345002869,38.1941790967,78.9871090051,78.9559583514
2016-11-25 01:00:00,38.1519389472,65.1699795074,67.3771021742,77.4889338431
2016-11-26 01:00:00,37.0567763372,55.9878656884,53.1173414308,66.49385087
2016-11-27 01:00:00,33.6370769797,27.3162616359,49.4913689439,56.6619375163
2016-11-28 01:00:00,30.6334553962,2.13315640893,28.4790945778,43.6959349842
2016-11-29 01:00:00,26.3071960009,0.0,9.81647268161,29.2623120678
2016-11-30 01:00:00,34.2730923909,49.7900744453,17.3077436181,18.5344369591
2016-12-01 01:00:00,32.4958482402,38.6815796521,29.4905513658,18.8715892218
2016-12-02 01:00:00,27.8207438048,9.460285967,32.6439800215,26.4807583351
2016-12-03 01:00:00,30.603160789,26.8515175368,24.9977943853,29.0441085909
2016-12-04 01:00:00,27.8901403493,9.89404243942,15.4019486477,24.3479076848
2016-12-05 01:00:00,23.3714517234,0.0,12.2485199921,17.5494210084
2016-12-06 01:00:00,38.2306556165,78.4760092222,29.4566838872,19.035717509
2016-12-07 01:00:00,42.9734788632,100.0,59.4920030741,33.7324023178
2016-12-08 01:00:00,42.0381484926,95.2283997778,91.234803,60.0611633204
2016-12-09 01:00:00,45.3056541091,100.0,98.4094665926,83.0454242222
2016-12-10 01:00:00,42.7453480212,88.327334439,94.5185780723,94.7209492216
2016-12-11 01:00:00,43.9397605825,93.7727686534,94.0333676975,95.6538041208
2016-12-12 01:00:00,46.8323769897,100.0,94.0333676975,94.1951044891
2016-12-13 01:00:00,45.3587678617,93.7188788965,95.8305491833,94.6324281927
2016-12-14 01:00:00,44.159240912,88.6060074473,94.1082954479,94.6574041096
2016-12-15 01:00:00,41.1362427281,75.7207603837,86.0152155758,91.9846867357
2016-12-16 01:00:00,42.0047171249,79.4225512848,81.2497730386,87.1244280208
2016-12-17 01:00:00,42.1343040305,79.9749033518,78.3727383401,81.8792423182
2016-12-18 01:00:00,42.8131381409,82.8683702661,80.7552749675,80.1259287821
2016-12-19 01:00:00,40.3962649517,72.566674311,78.4699826429,79.1993319835
2016-12-20 01:00:00,41.2768176101,76.3199476726,77.2516640832,78.8256405646
2016-12-21 01:00:00,43.351612332,85.1635661503,78.016729378,77.9127920347
2016-12-22 01:00:00,40.2237541504,71.8313631528,77.7716256586,77.6800063733
2016-12-23 01:00:00,36.3772789088,0.0,52.331643101,69.3733327125
2016-12-24 01:00:00,37.7992392789,13.6006411331,28.477334762,52.8602011739
2016-12-25 01:00:00,36.9224510408,5.2144143244,6.27168515252,29.0268876718
2016-12-26 01:00:00,37.7744456823,13.3634975265,10.726184328,15.1584014142
2016-12-27 01:00:00,37.4519553203,10.2789701558,9.61896066889,8.87227671647
2016-12-28 01:00:00,44.4999992602,77.6914792056,33.777982296,18.041042431
2016-12-29 01:00:00,52.2573878368,100.0,62.6568164538,35.3512531396
2016-12-30 01:00:00,50.6730954997,90.0234164371,89.2382985476,61.8910324324
2016-12-31 01:00:00,48.9644211717,79.2635763394,89.7623309255,80.5524819756
2017-01-01 01:00:00,50.7296320831,90.3794378199,86.5554768655,88.5187021128
2017-01-02 01:00:00,53.9818407044,100.0,89.8810047198,88.7329375036
2017-01-03 01:00:00,65.9998574436,100.0,96.79314594,91.0765425084
2017-01-04 01:00:00,72.9181417445,100.0,100.0,95.5580502199
2017-01-05 01:00:00,63.6632373182,74.672452405,91.557484135,96.1168766917
2017-01-06 01:00:00,63.225990843,73.4758564812,82.7161029621,91.4245290324
2017-01-07 01:00:00,60.7862992472,66.7992445831,71.6491844898,81.9742571956
2017-01-08 01:00:00,63.8203472777,75.1024093007,71.792503455,75.3859303023
2017-01-09 01:00:00,63.5880167271,74.4665990527,72.1227509788,71.8548129745
2017-01-10 01:00:00,65.2673025577,78.7451246601,76.1047110045,73.3399884794
2017-01-11 01:00:00,56.9023969707,55.506494081,69.5727392646,72.6000670826
2017-01-12 01:00:00,56.1882678568,52.8286642165,62.3600943192,69.3458481961
2017-01-13 01:00:00,55.8689897427,51.9284317802,53.4211966926,61.7846767588
2017-01-14 01:00:00,55.422840703,38.4361555255,47.7310838407,54.5041249508
2017-01-15 01:00:00,56.0750506249,29.6848643264,40.0164838774,47.0562548036
2017-01-16 01:00:00,55.0961975159,25.5984297951,31.239816549,39.6624614224
2017-01-17 01:00:00,60.1744187223,46.798565244,34.0272864552,35.0945289605
2017-01-18 01:00:00,59.9126346863,41.3862974277,37.9277641556,34.3982890533
2017-01-19 01:00:00,60.6403662864,35.1627573298,41.1158733338,37.6903079815
2017-01-20 01:00:00,62.1901001392,39.8043138969,38.7844562181,39.2760312358
2017-01-21 01:00:00,64.7086597736,53.9361033475,42.9677248581,40.9560181367
2017-01-22 01:00:00,61.6972262045,64.8998182745,52.8800785063,44.8774198608
2017-01-23 01:00:00,62.3488340358,71.3062788171,63.3807334797,53.076178948
2017-01-24 01:00:00,59.5796158683,44.0799532991,60.0953501302,58.7853873721
2017-01-25 01:00:00,57.9095703909,27.6604445968,47.682225571,57.052769727
2017-01-26 01:00:00,58.5823968552,34.2755219321,35.3386399427,47.7054052146
2017-01-27 01:00:00,58.2526028734,31.033062234,30.9896762543,38.0035139226
2017-01-28 01:00:00,58.6238353976,36.6985875957,34.0023905873,33.4435689281
2017-01-29 01:00:00,56.8339223702,18.0778327945,28.6031608747,31.1984092388
2017-01-30 01:00:00,58.1902487938,32.1879160097,28.9881121333,30.5312211984
2017-01-31 01:00:00,58.6048412364,36.5009882637,28.9222456893,28.8378395658
2017-02-01 01:00:00,59.5980752361,46.8337622507,38.507555508,32.1393044435
2017-02-02 01:00:00,61.0177845805,61.6032282451,48.3126595865,38.5808202613
2017-02-03 01:00:00,63.215212118,81.0349529255,63.1573144738,49.9925098561
2017-02-04 01:00:00,66.9290652626,100.0,80.8793937235,64.1164559279
2017-02-05 01:00:00,64.1753827404,72.7226989102,84.5858839452,76.2075307142
2017-02-06 01:00:00,65.5556325622,86.3951138177,86.3726042427,83.9459606371
2017-02-07 01:00:00,68.1622508145,100.0,86.3726042427,85.7770308102
2017-02-08 01:00:00,65.7588847986,78.7844603227,88.3931913801,87.0461332885
2017-02-09 01:00:00,56.6353890261,0.0,59.5948201076,78.1202052435
2017-02-10 01:00:00,62.5423685196,51.2453398148,43.3432667125,63.7770927334
2017-02-11 01:00:00,63.2363862419,57.2662129287,36.1705175812,46.3695348004
2017-02-12 01:00:00,63.2363862419,57.2662129287,55.2592552241,44.9243465059
2017-02-13 01:00:00,62.1530351606,47.8677218116,54.1333825564,48.5210517872
2017-02-14 01:00:00,76.1933005276,100.0,68.3779782468,59.2568720091
2017-02-15 01:00:00,75.4589072602,96.2450322605,81.370918024,67.9607596091
2017-02-16 01:00:00,73.5752047062,86.6136227214,94.2862183273,81.3450381994
2017-02-17 01:00:00,70.2226161093,69.4717689165,84.1101412994,86.5890925502
2017-02-18 01:00:00,71.0025626512,73.4596514763,76.5150143714,84.9704579994
2017-02-19 01:00:00,70.6095552696,71.4501967271,71.46053904,77.3618982369
2017-02-20 01:00:00,63.0126419325,32.6070240468,59.1722907501,69.0492813871
2017-02-21 01:00:00,65.6021309921,45.8471343696,49.9681183812,60.2003160571
2017-02-22 01:00:00,65.8841017094,47.2888563924,41.9143382696,50.351582467
2017-02-23 01:00:00,69.670403625,66.6482952328,53.2614286649,48.3812951052
2017-02-24 01:00:00,69.8358434625,67.4941924929,60.477114706,51.8842938802
2017-02-25 01:00:00,73.039092935,83.8724723118,72.6716533458,62.1367322389
2017-02-26 01:00:00,78.6733692531,100.0,83.7888882682,72.3125521067
2017-02-27 01:00:00,82.1772882472,100.0,94.6241574373,83.6948996838
2017-02-28 01:00:00,82.8466254914,100.0,100.0,92.8043485685
2017-03-01 01:00:00,86.8930078594,100.0,100.0,98.2080524791
2017-03-02 01:00:00,89.8249333074,100.0,100.0,100.0
2017-03-03 01:00:00,90.1437433247,100.0,100.0,100.0
2017-03-04 01:00:00,80.0618794212,62.8401967254,87.6133989085,95.8711329695
2017-03-05 01:00:00,81.618515856,68.5776579968,77.1392849074,88.2508946053
2017-03-06 01:00:00,82.8570807383,73.1427689532,68.1868745585,77.6465194581
2017-03-07 01:00:00,76.5636469362,49.9463873871,63.8889381123,69.7383658594
2017-03-08 01:00:00,57.3714649696,0.0,41.0297187801,57.701843817
2017-03-09 01:00:00,62.7726354345,16.4809123319,22.1424332397,42.3536967107
2017-03-10 01:00:00,66.9938281217,29.3612883665,15.2807335661,26.150961862
2017-03-11 01:00:00,71.9918761671,44.6121293097,30.1514433361,22.5248700473
2017-03-12 01:00:00,75.4943313579,55.2993789198,43.0909321987,29.5077030336
2017-03-13 01:00:00,81.8477865892,74.6860543363,58.1991875219,43.8138543522
2017-03-14 01:00:00,82.2196469237,75.820733868,68.602055708,56.6307251429
2017-03-15 01:00:00,86.932880937,90.2025048337,80.2364310127,69.0125580809
2017-03-16 01:00:00,90.7474700024,100.0,88.6744129006,79.1709665404
2017-03-17 01:00:00,90.8938483084,100.0,96.7341682779,88.548337397
2017-03-18 01:00:00,64.9782607985,22.6916915544,74.2305638515,86.5463816766
2017-03-19 01:00:00,71.9854768478,43.5947877886,55.4288264477,75.4645195257
2017-03-20 01:00:00,70.3884266876,38.8306570761,35.039045473,54.8994785907
2017-03-21 01:00:00,70.6813963641,39.7046094842,40.7100181163,43.7259633457
2017-03-22 01:00:00,68.2885396258,32.5665229284,37.0339298296,37.5943311396
2017-03-23 01:00:00,69.9985793688,37.6677107699,36.6462810608,38.1300763356
2017-03-24 01:00:00,75.5978737185,54.3708618946,41.5350318643,38.4050809182
2017-03-25 01:00:00,72.130387606,44.0270683837,45.3552136828,41.1788422026
2017-03-26 01:00:00,71.9200894051,32.5286608782,43.6421970522,43.5108141997
2017-03-27 02:00:00,69.6022777276,17.8426089215,31.4661127278,40.1545078209
2017-03-28 02:00:00,70.7288896818,22.1898457101,24.1870385033,33.0984494278
2017-03-29 02:00:00,72.6663482043,29.6658812108,23.2327786142,26.2953099484
2017-03-30 02:00:00,71.4155484674,24.8394433133,25.5650567448,24.3282912874
2017-03-31 02:00:00,68.1738361952,12.330707901,22.2786774751,23.6921709447
2017-04-01 02:00:00,68.8233321925,14.8369061382,17.3356857842,21.7264733347
2017-04-02 02:00:00,64.764353656,0.0,9.0558713464,16.2234115352
2017-04-03 02:00:00,58.2744668916,0.0,4.94563537939,10.4457308367
2017-04-04 02:00:00,58.3808162373,0.613905491231,0.204635163744,4.73538062985
2017-04-05 02:00:00,59.4187361683,6.60533628384,2.40641392502,2.51889482272
2017-04-06 02:00:00,57.2761639194,0.0,2.40641392502,1.67248767126
2017-04-07 02:00:00,54.8926753985,0.0,2.20177876128,2.33820220377
2017-04-08 02:00:00,57.6724145037,13.4253198747,4.4751066249,3.02776643707
2017-04-09 02:00:00,56.3214617086,6.90061639578,6.77531209016,4.48406582545
2017-04-10 02:00:00,56.6422794536,8.45007146565,9.59200257871,6.94747376459
2017-04-11 02:00:00,56.5219795837,9.16695273384,8.17254686509,8.17995384465
2017-04-12 02:00:00,59.9835158701,28.6425913611,15.4198718535,11.0614737658
2017-04-13 02:00:00,64.4893752799,53.9939042777,30.6011494575,18.0645227254
2017-04-14 02:00:00,59.783345975,27.5163756526,36.7176237638,27.5795483583
2017-04-15 02:00:00,61.1116250597,34.9896711227,38.8333170177,35.3840300797
2017-04-16 02:00:00,60.7492136018,35.4450353697,32.650360715,36.0671004988
2017-04-17 02:00:00,59.1061585967,30.2461201976,33.5602755633,35.0146510987
2017-04-18 02:00:00,61.8675954332,50.0688527315,38.5866694329,34.9324352371
2017-04-19 02:00:00,57.7873168632,29.322688495,36.5458871413,36.2309440459
2017-04-20 02:00:00,59.627712924,49.3402688844,42.9106033703,39.3477199815
2017-04-21 02:00:00,57.4503067398,26.6511548021,35.1047040605,38.1870648574
2017-04-22 02:00:00,57.4503067398,26.6511548021,34.2141928296,37.4098334201
2017-04-23 02:00:00,56.8115807025,19.9954706071,24.4325934038,31.2504967646
2017-04-24 02:00:00,59.2706673071,45.6197647393,30.7554633829,29.8007498721
2017-04-25 02:00:00,58.8066275969,30.4259572127,32.013730853,29.0672625466
2017-04-26 02:00:00,63.057669625,82.4715866255,52.8391028592,38.5360990317
2017-04-27 02:00:00,73.4340625312,100.0,70.9658479461,51.9395605528
2017-04-28 02:00:00,78.7241104362,100.0,94.1571955418,72.6540487824
2017-04-29 02:00:00,74.0394875371,78.6212593614,92.8737531205,85.9989322028
2017-04-30 02:00:00,79.1751141001,100.0,92.8737531205,93.3015672609
2017-05-01 02:00:00,71.5823950477,66.0486609274,81.5566400963,89.1013821124
2017-05-02 02:00:00,73.302115506,73.7385032601,79.9290547292,84.7864826486
2017-05-03 02:00:00,75.4806257626,83.4798541366,74.4223394414,78.6360114223
2017-05-04 02:00:00,80.5803326142,100.0,85.7394524656,80.030282212
2017-05-05 02:00:00,75.6152664763,79.1109514026,87.5302685131,82.56402014
2017-05-06 02:00:00,77.2281356002,85.8966216381,88.3358576803,87.201859553
2017-05-07 02:00:00,73.727261904,71.16773007,78.7251010369,84.8637424101
2017-05-08 02:00:00,68.7966581219,50.4236716504,69.1626744529,78.7412110567
2017-05-09 02:00:00,69.1793185834,52.0336024663,57.8750013956,68.5875922951
2017-05-10 02:00:00,69.7671846465,54.5068752124,52.3213831097,59.786352986
2017-05-11 02:00:00,70.349493414,53.0128694585,53.1844490457,54.4602778503
2017-05-12 02:00:00,65.8749308106,32.4625653195,46.6607699968,50.7222007174
2017-05-13 02:00:00,67.6478449182,26.1956490061,37.2236945947,45.6896378791
2017-05-14 02:00:00,68.0383616383,14.7118103711,24.4566748989,36.1137131635
2017-05-15 02:00:00,69.670690695,25.8120106818,22.239823353,27.9733976155
2017-05-16 02:00:00,63.914881973,0.0,13.507940351,20.068146201
2017-05-17 02:00:00,62.6044670211,0.0,8.60400356059,14.7839224215
2017-05-18 02:00:00,68.077852328,30.4485215388,10.1495071796,10.7538170304
2017-05-19 02:00:00,79.0669064448,91.5807883545,40.6764366311,19.8099824571
2017-05-20 02:00:00,76.0716840754,74.9183230403,65.6492109778,38.8250515962
2017-05-21 02:00:00,82.0702206708,100.0,88.8330371316,65.0528949135
2017-05-22 02:00:00,83.4314817282,100.0,91.6394410134,82.040563041
2017-05-23 02:00:00,85.4546930736,100.0,100.0,93.4908260483
2017-05-24 02:00:00,87.4379514568,100.0,100.0,97.2131470045
2017-05-25 02:00:00,75.4857611135,51.870667307,83.9568891023,94.6522963674
2017-05-26 02:00:00,71.4390233665,35.5751782164,62.4819485078,82.1462792034
2017-05-27 02:00:00,67.9191707141,21.4013611611,36.2824022281,60.9070799461
2017-05-28 02:00:00,71.4927632605,35.7915791577,30.9227061784,43.2290189714
2017-05-29 02:00:00,76.8189482634,57.2391735002,38.1440379397,35.1163821154
2017-05-30 02:00:00,80.5561392591,72.2881731898,55.1063086159,41.391017578
2017-05-31 02:00:00,80.8877142852,73.6233665133,67.7169044011,53.6557503189
2017-06-01 02:00:00,76.2463494343,54.9334204329,66.9483200454,63.2571776875
2017-06-02 02:00:00,76.9313572754,57.6918244855,62.0828704772,65.5826983079
2017-06-03 02:00:00,77.1863138333,58.7184889415,57.1145779533,62.048589492
2017-06-04 02:00:00,80.1353670454,62.5868823073,59.6657319114,59.621060114
2017-06-05 02:00:00,80.2828991552,63.3427292621,61.549366837,59.4432255672
2017-06-06 02:00:00,82.2274391422,73.3051342535,66.411581941,62.5422268965
2017-06-07 02:00:00,78.8744680564,56.1269552985,64.258272938,64.0730739053
2017-06-08 02:00:00,79.4141745749,58.8920179614,62.7747025045,64.4815191278
2017-06-09 02:00:00,82.0451572052,72.3712545229,62.4634092609,63.1654615678
2017-06-10 02:00:00,86.0035502042,92.6511739051,74.6381487965,66.6254201873
2017-06-11 02:00:00,86.5748204056,100.0,88.340809476,75.1474558445
2017-06-12 02:00:00,89.4247874871,100.0,97.5503913017,86.8431165247
2017-06-13 02:00:00,89.4269106052,100.0,100.0,95.2970669259
2017-06-14 02:00:00,75.9377122481,24.7848358897,74.9282786299,90.8262233105
2017-06-15 02:00:00,75.4909543423,0.0,41.5949452966,72.1744079755
2017-06-16 02:00:00,76.4519237099,6.89561124795,10.5601490459,42.3611243241
2017-06-17 02:00:00,77.783176369,16.4482578978,7.78128971525,19.9787946859
2017-06-18 02:00:00,71.3116336061,0.0,7.78128971525,8.70757615879
2017-06-19 02:00:00,72.0617534823,4.14081372454,6.86302387411,7.47520110154
2017-06-20 02:00:00,71.0230739071,0.0,1.38027124151,5.34152827696
2017-06-21 02:00:00,62.5554814968,0.0,1.38027124151,3.20785545238
2017-06-22 02:00:00,61.6060988059,0.0,8.52651282912e-14,0.920180827676
2017-06-23 02:00:00,62.7959451058,4.27682092245,1.42560697415,0.935292738554
2017-06-24 02:00:00,56.4286170378,0.0,1.42560697415,0.950404649433
2017-06-25 02:00:00,49.8701423976,0.0,1.42560697415,1.42560697415
2017-06-26 02:00:00,44.9744922853,0.0,8.52651282912e-14,0.950404649433
2017-06-27 02:00:00,50.5739043238,12.5964171357,4.19880571188,1.87480422868
2017-06-28 02:00:00,56.5111302245,25.9527791182,12.8497320846,5.68284593216
2017-06-29 02:00:00,51.6537554405,15.0256463151,17.8582808563,11.6356062176
2017-06-30 02:00:00,49.4692121982,10.1113057124,17.0299103819,15.9126411076
2017-07-01 02:00:00,46.1136008522,3.47197273734,9.53630825493,14.8081664977
2017-07-02 02:00:00,50.5707740308,17.0573185174,10.2135323224,12.2599169864
2017-07-03 02:00:00,49.4190035845,13.5467527068,11.3586813205,10.3695072993
2017-07-04 02:00:00,48.0444455436,9.35713620979,13.320402478,11.6308720403
2017-07-05 02:00:00,47.4249695497,9.04660403506,10.6501643172,11.7764160386
2017-07-06 02:00:00,47.3323356112,8.70462062877,9.03612029121,11.0022290288
2017-07-07 02:00:00,42.9651810303,0.0,5.91707488794,8.53445316545
2017-07-08 02:00:00,43.8820766734,4.62360219508,4.44274094128,6.46531204015
2017-07-09 02:00:00,42.4365060192,0.0,1.54120073169,3.96700552031
2017-07-10 02:00:00,37.3181658289,0.0,1.54120073169,2.50838080156
2017-07-11 02:00:00,34.8772820227,0.0,8.3784830925e-14,1.02746715446
2017-07-12 02:00:00,42.7495687381,36.3887489733,12.1295829911,4.5569279076
2017-07-13 02:00:00,39.995622355,23.658945392,20.0158981218,10.715160371
2017-07-14 02:00:00,38.7019527225,17.6791048183,25.9089330612,19.3514713914
2017-07-15 02:00:00,34.8941734849,0.0780788606734,13.805376357,19.91006918
2017-07-16 02:00:00,33.2158184409,0.0,5.91906122634,15.2111235482
2017-07-17 02:00:00,40.667639973,42.9377159363,14.3385982656,11.354345283
2017-07-18 02:00:00,47.5563080577,82.6305175056,41.8560778139,20.704579102
2017-07-19 02:00:00,42.7246214327,54.7901315131,60.119454985,38.7713770215
2017-07-20 02:00:00,48.107779721,91.9076166086,76.4427552091,59.4727626693
2017-07-21 02:00:00,46.5349083167,89.4381178223,78.7119553147,71.7580551696
2017-07-22 02:00:00,48.6259101727,100.0,93.781911477,82.9788740003
2017-07-23 02:00:00,48.3545712485,98.2392127899,95.8924435374,89.462103443
2017-07-24 02:00:00,47.9863870832,95.8499722088,98.0297283329,95.9013611158
2017-07-25 02:00:00,44.7466096839,74.8262336376,89.6384728787,94.5202149163
2017-07-26 02:00:00,44.3872325803,72.4941443168,81.0567833877,89.5749948664
2017-07-27 02:00:00,44.4961682254,73.2010553914,73.5071444486,81.4008002383
2017-07-28 02:00:00,42.2137837947,58.3900830078,68.028427572,74.1974518028
2017-07-29 02:00:00,45.679617718,80.8807597904,70.8239660632,70.7865126946
2017-07-30 02:00:00,43.9730599387,69.8064728294,69.6924385425,69.5149440592
2017-07-31 02:00:00,45.0909857013,77.0609770988,75.9160699062,72.1441581706
2017-08-01 02:00:00,49.8720744812,100.0,82.2891499761,75.9658861416
2017-08-02 02:00:00,47.8414058656,87.8083729583,88.2897833524,82.1650010782
2017-08-03 02:00:00,49.7478968271,98.6508931756,95.4864220446,88.688451791
2017-08-04 02:00:00,48.6374817185,83.8790036411,90.1127565917,91.2963206629
2017-08-05 02:00:00,54.8076863851,100.0,94.1766322722,93.2586036362
2017-08-06 02:00:00,57.0559103334,100.0,94.626334547,92.9719078036
2017-08-07 02:00:00,57.8572589073,100.0,100.0,96.2676556064
2017-08-08 02:00:00,62.2274203941,100.0,100.0,98.2087781823
2017-08-09 02:00:00,62.3174826097,100.0,100.0,100.0
2017-08-10 02:00:00,62.4127043251,100.0,100.0,100.0
2017-08-11 02:00:00,64.6238558374,100.0,100.0,100.0
2017-08-12 02:00:00,63.8185365809,96.4064405733,98.8021468578,99.6007156193
2017-08-13 02:00:00,60.4952906864,81.5771892962,92.6612099565,97.1544522714
2017-08-14 02:00:00,61.0391708958,84.0041346823,87.3292548506,92.9308705549
2017-08-15 02:00:00,57.3429530944,64.7427499712,76.7746913165,85.5883853745
2017-08-16 02:00:00,60.5810492094,80.4229984754,76.389961043,80.1646357367
2017-08-17 02:00:00,60.1847196332,77.2735078193,74.1464187553,75.7703570383
2017-08-18 02:00:00,58.152878537,61.4419985682,73.0461682876,74.5275160286
2017-08-19 02:00:00,57.9333635906,60.1339955841,66.2831673239,71.1585847889
2017-08-20 02:00:00,59.2833346146,66.5932926188,62.7230955904,67.3508104006
2017-08-21 02:00:00,63.5325524071,93.1735400277,73.3002760769,67.435512997
2017-08-22 02:00:00,61.9203755652,72.4589078731,77.4085801732,71.1439839468
2017-08-23 02:00:00,62.7850912182,75.7032523788,80.4452334265,77.0513632255
2017-08-24 02:00:00,64.1833681995,93.9500958404,80.7040853641,79.5192996546
2017-08-25 02:00:00,64.286124669,95.3614107994,88.3382530062,83.1625239323
2017-08-26 02:00:00,64.5830160837,99.4390839279,96.2501968559,88.4308450754
2017-08-27 02:00:00,67.5650692122,100.0,98.2668315758,94.2850938126
2017-08-28 02:00:00,67.3913110958,98.3001746961,99.2464195413,97.9211493243
2017-08-29 02:00:00,71.7998201831,100.0,99.4333915654,98.9822142275
2017-08-30 02:00:00,74.1590740184,100.0,99.4333915654,99.3710675574
2017-08-31 02:00:00,75.1352550472,100.0,100.0,99.6222610436
2017-09-01 02:00:00,75.3258527597,100.0,100.0,99.8111305218
2017-09-02 02:00:00,60.0533806837,12.1892678644,70.7297559548,90.2432519849
2017-09-03 02:00:00,61.2002018195,18.78304018,43.6574360148,71.4623973232
2017-09-04 02:00:00,47.4950957982,0.0,10.3241026815,41.5704315503
2017-09-05 02:00:00,51.6626624176,14.9746793634,11.2525731811,21.7447039591
2017-09-06 02:00:00,55.1004622349,27.3271993543,14.1006262392,11.8924340339
2017-09-07 02:00:00,53.2140572309,20.5490689334,20.9503158837,15.4345051014
2017-09-08 02:00:00,47.5675549099,0.260356237275,16.0455415083,17.0321612104
2017-09-09 02:00:00,46.2916400311,0.0,6.9364750569,14.6441108163
2017-09-10 02:00:00,45.5243973905,0.0,0.0867854124251,7.68960065922
2017-09-11 02:00:00,45.1074341037,0.0,7.56802028453e-14,2.34108682311
2017-09-12 02:00:00,43.7938216118,0.0,7.56802028453e-14,0.0289284708083
2017-09-13 02:00:00,40.3082708112,0.0,7.56802028453e-14,0.0
2017-09-14 02:00:00,31.6991654884,0.0,7.56802028453e-14,0.0
2017-09-15 02:00:00,41.1388716705,21.6374581077,7.21248603591,2.40416201197
2017-09-16 02:00:00,40.2641335462,19.6324052856,13.7566211311,6.98970238901
2017-09-17 02:00:00,41.0423313152,21.4161707228,20.8953447054,13.9548172908
2017-09-18 02:00:00,49.9541667324,41.8436566831,27.6307442305,20.7609033557
2017-09-19 02:00:00,46.6701543241,50.7473319501,38.002386452,28.8428251293
2017-09-20 02:00:00,47.1022455161,52.2119964018,48.2676616783,37.966930787
2017-09-21 02:00:00,42.5900495295,46.539660426,49.8329962593,45.3676814632
2017-09-22 02:00:00,44.1898286361,53.3759444315,50.7092004198,49.6032861192
2017-09-23 02:00:00,48.529254094,71.9194700528,57.2783583034,52.6068516608
2017-09-24 02:00:00,47.9905923777,75.7216307861,67.0056817568,58.33108016
2017-09-25 02:00:00,50.7751745707,100.0,82.547033613,68.9436912244
2017-09-26 02:00:00,49.2098080986,91.7940567897,89.1718958586,79.5748704095
2017-09-27 02:00:00,53.8108918791,100.0,97.2646855966,89.6612050227
2017-09-28 02:00:00,52.4191366011,93.7058045431,95.1666204443,93.8677339665
2017-09-29 02:00:00,49.7150670973,81.4766847719,91.7274964383,94.7196008264
2017-09-30 02:00:00,51.9382608405,91.5310500616,88.9045131255,91.9328766694
2017-10-01 02:00:00,52.0879675832,92.2080968919,88.4052772418,89.6790956019
2017-10-02 02:00:00,51.034477867,79.5049565082,87.7480344872,88.3526082848
2017-10-03 02:00:00,50.0753601061,72.424902835,81.379318745,85.844210158
2017-10-04 02:00:00,50.2992620732,72.4978411756,74.8092335063,81.3121955795
2017-10-05 02:00:00,51.0742813554,75.6113628691,73.5113689599,76.5666404037
2017-10-06 02:00:00,54.2366239578,100.0,82.7030680149,77.0078901604
2017-10-07 02:00:00,54.8739520172,100.0,91.8704542897,82.6949637548
2017-10-08 02:00:00,53.7987052365,91.2467004541,97.0822334847,90.5519185964
2017-10-09 02:00:00,50.0170299155,54.5407524,81.9291509514,90.2939462419
2017-10-10 02:00:00,50.4177537965,35.261290211,60.3495810217,79.7869884859
2017-10-11 02:00:00,51.5814325374,52.166970023,47.3230042113,63.2005787281
2017-10-12 02:00:00,50.6815594847,25.9836509669,37.8039704003,48.4921852111
2017-10-13 02:00:00,60.6318293194,100.0,59.38354033,48.1701716472
2017-10-14 02:00:00,60.6483266455,100.0,75.3278836556,57.505131462
2017-10-15 02:00:00,59.5089996946,89.5792563426,96.5264187809,77.0792809222
2017-10-16 02:00:00,59.7146973526,91.460650058,93.6799688002,88.5114237456
2017-10-17 02:00:00,53.9323054638,36.8278268189,72.6225777398,87.609655107
2017-10-18 02:00:00,53.5331893552,33.0736647556,53.7873805442,73.3633090281
2017-10-19 02:00:00,50.4397155614,3.97586161511,24.6257843965,50.3452475602
2017-10-20 02:00:00,48.3639166603,0.0,12.3498421236,30.2543356881
2017-10-21 02:00:00,48.0636821665,0.0,1.32528720504,12.7669712417
2017-10-22 02:00:00,46.4810653433,0.0,1.15611224298e-13,4.55837644287
2017-10-23 02:00:00,43.0617796697,0.0,1.15611224298e-13,0.441762401679
2017-10-24 02:00:00,47.9596765803,27.8502477909,9.28341593029,3.09447197676
2017-10-25 02:00:00,48.3171205581,29.8827330666,19.2443269525,9.50924762759
2017-10-26 02:00:00,48.925761905,33.3435679179,30.3588495918,19.6288641582
2017-10-27 02:00:00,49.8021800099,38.3270254785,33.851108821,27.8180951218
2017-10-28 02:00:00,48.5626172982,31.2786679278,34.3164204414,32.8421262848
2017-10-29 02:00:00,52.3666507193,52.90902792,40.8382404421,36.3352565682
2017-10-30 01:00:00,53.2452818267,57.9050689768,47.3642549415,40.8396386083
2017-10-31 01:00:00,52.437798627,53.3135866304,54.7092278424,47.6372410753
2017-11-01 01:00:00,46.3622007172,19.8188756491,43.6791770854,48.5842199564
2017-11-02 01:00:00,43.4163855663,2.1293919981,25.0872847592,41.158563229
2017-11-03 01:00:00,52.2520437539,84.5429582545,35.4970753006,34.7545123817
2017-11-04 01:00:00,50.2222795545,68.381431917,51.6845940565,37.4229847054
2017-11-05 01:00:00,49.0538631534,58.8410881772,70.5884927829,52.5900540467
2017-11-06 01:00:00,50.801741849,76.0049152044,67.7424784329,63.3385217574
2017-11-07 01:00:00,47.5499347753,44.0728055671,59.6396029829,65.9901913996
2017-11-08 01:00:00,54.8804691209,100.0,73.3592402572,66.913773891
2017-11-09 01:00:00,58.5482203986,100.0,81.3576018557,71.4521483653
2017-11-10 01:00:00,48.7243359448,35.078035396,78.359345132,77.692062415
2017-11-11 01:00:00,53.0268946819,63.5118557802,66.1966303921,75.3045257933
2017-11-12 01:00:00,51.0957457476,50.7496960313,49.7798624025,64.7786126422
2017-11-13 01:00:00,54.5441861195,73.5390035414,62.6001851176,59.5255593041
2017-11-14 01:00:00,59.7207079939,100.0,74.7628998576,62.3809824592
2017-11-15 01:00:00,57.3162955431,85.2529139957,86.2639725124,74.5423524959
2017-11-16 01:00:00,56.2123987592,78.4823365077,87.9117501678,82.9795408459
2017-11-17 01:00:00,57.653307176,87.319921898,83.6850574672,85.9535933825
2017-11-18 01:00:00,60.6963844369,100.0,88.6007528019,86.7325201456
2017-11-19 01:00:00,62.673367891,100.0,95.7733072993,89.3530391895
2017-11-20 01:00:00,64.8967418621,100.0,100.0,94.7913533671
2017-11-21 01:00:00,64.5358957349,97.919812416,99.3066041387,98.3599704793
2017-11-22 01:00:00,68.667298746,100.0,99.3066041387,99.5377360925
2017-11-23 01:00:00,73.9568166843,100.0,99.3066041387,99.3066041387
2017-11-24 01:00:00,80.5771182764,100.0,100.0,99.5377360925
2017-11-25 01:00:00,76.0877940609,85.9060217447,95.3020072482,98.2028704623
2017-11-26 01:00:00,75.5717727115,84.2860020427,90.0640079291,95.1220050591
2017-11-27 01:00:00,76.9964745489,88.7587724981,86.3169320952,90.5609824242
2017-11-28 01:00:00,74.5920162832,79.69869962,84.2478247203,86.8762549149
2017-11-29 01:00:00,64.0319716584,43.879320402,70.77893084,80.4478958852
2017-11-30 01:00:00,65.9193320468,43.6952159623,55.7577453281,70.2615002961
2017-12-01 01:00:00,68.7847402859,51.6006002771,46.3917122138,57.6427961273
2017-12-02 01:00:00,67.2622957509,45.3520385651,46.8826182681,49.6773586033
2017-12-03 01:00:00,67.1972485404,45.0850656148,47.3459014857,46.8734106559
2017-12-04 01:00:00,68.6288256201,47.8782450091,46.1051163963,46.7778787167
2017-12-05 01:00:00,65.8193526298,25.7685065063,39.5772723767,44.3427634196
2017-12-06 01:00:00,55.2404409535,0.0,24.5489171718,36.7437686483
2017-12-07 01:00:00,55.0989930903,0.0,8.58950216876,24.2385639058
2017-12-08 01:00:00,59.7313024017,18.1815156237,6.06050520791,13.0663081828
2017-12-09 01:00:00,62.3318297023,28.3884177472,15.5233111236,10.0577728334
2017-12-10 01:00:00,54.5442030939,0.0,15.5233111236,12.3690424851
2017-12-11 01:00:00,64.1204477429,36.7851413561,21.7245197011,17.5903806494
2017-12-12 01:00:00,74.9390524024,90.8364632477,42.5405348679,26.5961218975
2017-12-13 01:00:00,78.4437543497,100.0,75.8738682013,46.7129742568
2017-12-14 01:00:00,79.1586766808,100.0,96.9454877492,71.7866302728
2017-12-15 01:00:00,77.7532407178,94.2902050777,98.0967350259,90.3053636588
2017-12-16 01:00:00,78.5305274542,97.4480493178,97.2460847985,97.4294358579
2017-12-17 01:00:00,78.9419684953,99.1195904119,96.9526149358,97.4318115867
2017-12-18 01:00:00,83.1059880843,100.0,98.8558799099,97.6848598814
2017-12-19 01:00:00,84.74971169,100.0,99.7065301373,98.5050083277
2017-12-20 01:00:00,80.7356377353,86.7107883916,95.5702627972,98.0442242815
2017-12-21 01:00:00,72.1978108581,58.4449942566,81.7185942161,92.3317957169
2017-12-22 01:00:00,60.2822110616,18.9965613374,54.7174479952,77.3354350028
2017-12-23 01:00:00,62.8919138638,27.6363854075,35.0259803338,57.154007515
2017-12-24 01:00:00,60.9484572928,21.2022723555,22.6117397001,37.4517226764
2017-12-25 01:00:00,63.6764261309,30.233634398,26.3574307203,27.9983835847
2017-12-26 01:00:00,65.2525790218,35.4517319046,28.9625462193,25.9772388799
2017-12-27 01:00:00,65.2256302744,35.3625139152,33.6826267393,29.6675345596
2017-12-28 01:00:00,62.6216311338,9.56133651599,26.7918607786,29.8123445791
2017-12-29 01:00:00,64.6744347471,17.9512560446,20.9583688253,27.1442854477
2017-12-30 01:00:00,58.1550453902,0.0,9.17086418685,18.9736979302
2017-12-31 01:00:00,62.9836061486,18.1561246304,12.0357935583,14.0550088568
2018-01-01 01:00:00,62.835912973,17.600775772,11.9189668008,11.0418748487
2018-01-02 01:00:00,68.7361843259,39.7866956345,25.181198679,16.3786530127
2018-01-03 01:00:00,72.801128707,55.0715062625,37.4863258897,24.8621637898
2018-01-04 01:00:00,73.4922935361,57.6703913973,50.8428644315,37.8367963334
2018-01-05 01:00:00,74.3521035806,60.903408254,57.8817686379,48.7369863197
2018-01-06 01:00:00,75.5950849158,77.2346414085,65.2694803533,57.9980378076
2018-01-07 01:00:00,78.8372438383,100.0,79.3793498875,67.5101996262
2018-01-08 01:00:00,81.1663534103,100.0,92.4115471362,79.0201257923
2018-01-09 01:00:00,84.4923280884,100.0,100.0,90.5969656746
2018-01-10 01:00:00,79.3519633823,80.4825548444,93.4941849481,95.3019106948
2018-01-11 01:00:00,75.8471898281,67.1752839524,82.5526129323,92.0155992935
2018-01-12 01:00:00,75.9353711126,67.5100993754,71.7226460574,82.5898146459
2018-01-13 01:00:00,80.7110957829,85.6430431761,73.4428088346,75.9060226081
2018-01-14 01:00:00,77.9993455503,75.3468016706,76.1666480741,73.7773676554
2018-01-15 01:00:00,69.8303810841,44.3300693838,68.4399714102,72.683142773
2018-01-16 01:00:00,54.3709018533,0.0,39.8922903515,61.4996366119
2018-01-17 01:00:00,53.2465460381,0.0,14.7766897946,41.0363171854
2018-01-18 01:00:00,53.7081003048,1.4771730339,0.492391011298,18.3871237191
2018-01-19 01:00:00,54.5371299202,4.13042592443,1.86919965277,5.71276015289
2018-01-20 01:00:00,59.5310681446,20.1131855057,8.57359482135,3.64506182847
2018-01-21 01:00:00,53.6260574378,1.21460041892,8.48607061636,6.30962169683
2018-01-22 01:00:00,50.4231118373,0.0,7.10926197488,8.05630913753
2018-01-23 01:00:00,49.4127808992,0.0,0.404866806308,5.33339979918
2018-01-24 01:00:00,53.0184892464,10.2786627428,3.42622091427,3.64678323182
2018-01-25 01:00:00,52.1556155397,7.81889978717,6.03252084332,3.2878695213
2018-01-26 01:00:00,52.2390050761,8.05661533099,8.71805928699,6.05893368153
2018-01-27 01:00:00,55.0636896335,18.0549935525,11.3101695569,8.6869165624
2018-01-28 01:00:00,60.5313566919,35.5245189207,20.5453759347,13.5245349262
2018-01-29 01:00:00,57.2418242425,25.0142647372,26.1979257368,19.3511570761
2018-01-30 01:00:00,50.9819555793,5.01360755659,21.8507970715,22.864699581
2018-01-31 01:00:00,53.0772128622,12.8187209893,14.282197761,20.7769735231
2018-02-01 01:00:00,48.0906909248,0.0,5.94410951529,14.0257014493
2018-02-02 01:00:00,43.9418670286,0.0,4.27290699643,8.16640475758
2018-02-03 01:00:00,46.9422359224,18.0859625865,6.02865419551,5.41522356907
2018-02-04 01:00:00,40.6028501926,0.0,6.02865419551,5.44340512915
2018-02-05 01:00:00,35.9342027263,0.0,6.02865419551,6.02865419551
2018-02-06 01:00:00,41.3504411174,22.0197767542,7.33992558474,6.46574465858
2018-02-07 01:00:00,40.5204002071,18.6452363036,13.5550043526,8.97452804428
2018-02-08 01:00:00,43.9762810761,32.6951579889,24.4533903489,15.1161067621
2018-02-09 01:00:00,46.744774136,43.9504969757,31.7636304227,23.2573417081
2018-02-10 01:00:00,45.7339579176,39.8410125213,38.828889162,31.6819699778
2018-02-11 01:00:00,43.9860958773,32.7350601711,38.8421898894,36.4782364913
2018-02-12 01:00:00,46.6679593163,43.6382054813,38.7380927246,38.8030572586
2018-02-13 01:00:00,45.3724748776,38.3713992464,38.2482216329,38.6095014156
2018-02-14 01:00:00,49.1703236766,53.8115953122,45.2737333466,40.7533492347
2018-02-15 01:00:00,49.5053215275,63.691382874,51.9581258108,45.1600269301
2018-02-16 01:00:00,50.1603429489,82.9850773573,66.8293518478,54.6870703351
2018-02-17 01:00:00,52.3302614591,95.6428223677,80.7730941997,66.5201906194
2018-02-18 01:00:00,48.9982302171,79.6778524872,86.1019174041,77.9014544839
2018-02-19 01:00:00,50.2423201359,87.2655901204,87.5287549918,84.8012555318
2018-02-20 01:00:00,47.5559013171,70.8810500148,79.2748308741,84.3018344233
2018-02-21 01:00:00,45.336351473,57.3439562517,71.8301987957,79.5445948872
2018-02-22 01:00:00,43.3831938288,45.431595629,57.8855339652,69.6635212117
2018-02-23 01:00:00,46.6352076937,51.7771323147,51.5175613985,60.4110980531
2018-02-24 01:00:00,45.5145090174,42.2876162874,46.4987814104,51.967292258
2018-02-25 01:00:00,45.9936084335,29.1762028921,41.0803171647,46.3655533245
2018-02-26 01:00:00,47.5861456394,46.9757465152,39.4798552316,42.3529846022
2018-02-27 01:00:00,48.2260978282,54.1283937879,43.4267810651,41.3289844871
2018-02-28 01:00:00,47.0136482296,40.5770309425,47.2270570819,43.3778977928
2018-03-01 01:00:00,48.058682483,52.2572182014,48.987547644,46.547128597
2018-03-02 01:00:00,46.9174986105,39.5023814256,44.1122101899,46.7756049719
2018-03-03 01:00:00,46.5193532958,35.0523724266,42.2706573512,45.1234717283
2018-03-04 01:00:00,47.538326709,46.4412816792,40.3320118438,42.2382931283
2018-03-05 01:00:00,46.3183731352,32.8060480557,38.0999007205,40.2341899718
2018-03-06 01:00:00,43.3696853785,0.0,26.4157765783,34.9492297142
2018-03-07 01:00:00,39.3912012223,0.0,10.9353493519,25.1503422169
2018-03-08 01:00:00,36.2269958497,0.0,4.02640883597e-14,12.4503753101
2018-03-09 01:00:00,38.9981046314,23.0943014462,7.69810048208,6.21114994466
2018-03-10 01:00:00,36.2459207236,0.157719085778,7.75067351068,5.14959133092
2018-03-11 01:00:00,40.1645842237,32.8156922163,18.6892375828,11.3793371918
2018-03-12 01:00:00,38.5907328977,19.6992829318,17.5575647446,14.6658252794
2018-03-13 01:00:00,37.9875009799,14.6719740641,22.3956497374,19.5474840216
2018-03-14 01:00:00,33.3265691044,0.0,11.4570856653,17.1367667158
2018-03-15 01:00:00,33.6003259899,1.83735264781,5.50310890396,13.1186147689
2018-03-16 01:00:00,32.9505813544,0.0,0.612450882603,5.85754848395
2018-03-17 01:00:00,30.1130315274,0.0,0.612450882603,2.24267022306
2018-03-18 01:00:00,29.571368036,0.0,4.00420437548e-14,0.408300588402
2018-03-19 01:00:00,31.4190005822,10.2835019539,3.42783398464,1.34676162242
2018-03-20 01:00:00,32.6023732124,16.8698845009,9.05112881828,4.15965426764
2018-03-21 01:00:00,32.3776598897,15.6191813248,14.2575225932,8.91216179871
2018-03-22 01:00:00,31.0977500742,9.11435823413,13.8678080199,12.3921531438
2018-03-23 01:00:00,31.55973628,14.4102225996,13.0479207195,13.7244171109
2018-03-24 01:00:00,29.8381121183,2.51806512429,8.68088198599,11.8655369085
2018-03-25 01:00:00,30.6495170138,10.1777303389,9.03533935425,10.2547140199
2018-03-26 02:00:00,27.7833394799,0.0,4.23193182106,7.31605105377
2018-03-27 02:00:00,25.7198722688,0.0,3.39257677963,5.55328265164
2018-03-28 02:00:00,25.6503002164,0.0,4.02640883597e-14,2.5415028669
2018-03-29 02:00:00,22.2908812954,0.0,4.02640883597e-14,1.13085892654
2018-03-30 02:00:00,23.8073484999,9.66110688133,3.22036896044,1.07345632015
2018-03-31 02:00:00,23.9562605556,14.7255617332,8.12888953818,3.78308616621
2018-04-01 02:00:00,23.082890504,7.00307778136,10.4632487986,7.27083576576
2018-04-02 02:00:00,24.4040260407,19.8236792178,13.8507729108,10.8143037492
2018-04-03 02:00:00,30.5089999157,79.6986380478,35.5084650156,19.9408289083
2018-04-04 02:00:00,27.7339833864,52.7867561237,50.7696911297,33.3763096854
2018-04-05 02:00:00,28.3977369207,59.2237832746,63.9030591487,50.060405098
2018-04-06 02:00:00,27.5284252725,50.7932704525,54.2679366169,56.3135622984
2018-04-07 02:00:00,30.300489195,79.4069962455,63.1413499909,60.4374485855
2018-04-08 02:00:00,33.2676007504,100.0,76.7334222327,64.7142362801
2018-04-09 02:00:00,33.0393703426,97.9207776164,92.4425912873,77.4391211703
2018-04-10 02:00:00,35.8946946093,100.0,99.3069258721,89.4943131307
2018-04-11 02:00:00,38.4780564154,100.0,99.3069258721,97.0188143439
2018-04-12 02:00:00,48.8495826066,100.0,100.0,99.5379505814
2018-04-13 02:00:00,48.904457962,100.0,100.0,99.7689752907
2018-04-14 02:00:00,50.1994413558,100.0,100.0,100.0
2018-04-15 02:00:00,54.3333509138,100.0,100.0,100.0
2018-04-16 02:00:00,50.6472910385,88.2047821791,96.0682607264,98.6894202421
2018-04-17 02:00:00,49.543316107,84.6721144457,90.9589655416,95.6757420893
2018-04-18 02:00:00,52.6130617469,94.4951557692,89.1240174647,92.0504145775
2018-04-19 02:00:00,58.1774991399,100.0,93.0557567383,91.0462465815
2018-04-20 02:00:00,63.6796677369,100.0,98.1650519231,93.4482753753
2018-04-21 02:00:00,61.5617825615,94.1415978235,98.0471992745,96.422669312
2018-04-22 02:00:00,63.1261261536,98.4688172646,97.5368050294,97.9163520756
2018-04-23 02:00:00,65.6263786636,100.0,97.5368050294,97.7069364444
2018-04-24 02:00:00,70.3002114575,100.0,99.4896057549,98.1877386045
2018-04-25 02:00:00,58.1783215979,67.4674819547,89.1558273182,95.3940793675
2018-04-26 02:00:00,62.0880863921,77.9604409893,81.809307648,90.1515802404
2018-04-27 02:00:00,59.8218712353,69.5445928966,71.6575052802,80.8742134155
2018-04-28 02:00:00,62.9198132395,76.8073588723,74.7707975861,76.0792035048
2018-04-29 02:00:00,63.5557631488,68.5582723211,71.6367413633,72.6883480765
2018-04-30 02:00:00,60.9873179959,56.4731690166,67.27960007,71.2290463398
2018-05-01 02:00:00,61.3595637594,56.9268546807,60.6527653394,66.5230355909
2018-05-02 02:00:00,63.0812640371,65.2214490728,59.5404909233,62.4909521109
2018-05-03 02:00:00,69.6026405592,96.6393293096,72.929211021,64.3741557613
2018-05-04 02:00:00,70.066188942,98.8725553049,86.9111112291,73.1269377245
2018-05-05 02:00:00,72.1653490715,100.0,98.5039615382,86.1147612628
2018-05-06 02:00:00,68.1118760365,71.0214718142,89.9646757064,91.7932494912
2018-05-07 02:00:00,63.76244049,39.9235570439,70.3150096194,86.2612156213
2018-05-08 02:00:00,63.2823895126,36.491441261,49.1454900397,69.8083917885
2018-05-09 02:00:00,63.667530255,39.2449980347,38.5533321132,52.6712772574
2018-05-10 02:00:00,59.2685837379,7.79480945538,27.8437495837,38.5141905789
2018-05-11 02:00:00,52.8659714403,0.0,15.67993583,27.3590058423
2018-05-12 02:00:00,53.5623098982,3.60808763497,3.80096569678,15.7748837035
2018-05-13 02:00:00,58.2259127481,27.7726122065,10.4602332805,9.9803782691
2018-05-14 02:00:00,58.1265217197,27.2576161777,19.5461053397,11.269101439
2018-05-15 02:00:00,56.0712947802,16.6084285263,23.8795523035,17.9619636412
2018-05-16 02:00:00,56.2953664289,17.7694589649,20.5451678896,21.3236085109
2018-05-17 02:00:00,51.2769066807,0.0,11.4592958304,18.6280053412
2018-05-18 02:00:00,54.122237833,13.6215573139,10.4636720929,14.156045271
2018-05-19 02:00:00,54.6689193316,16.2387055359,9.95342094994,10.6254629578
2018-05-20 02:00:00,56.7717908103,26.3058586503,18.7220405,13.0463778476
2018-05-21 02:00:00,54.0260443468,13.1610467388,18.568536975,15.747999475
2018-05-22 02:00:00,46.8258165728,0.0,13.1556351297,16.8154042016
2018-05-23 02:00:00,40.4808915683,0.0,4.38701557961,12.0370625614
2018-05-24 02:00:00,43.634336709,13.5448253522,4.51494178406,7.35253083113
2018-05-25 02:00:00,42.3657158771,8.12892430989,7.22458322069,5.37551352812
2018-05-26 02:00:00,42.3411762416,8.02308906628,9.89894624278,7.21282374917
2018-05-27 02:00:00,40.4183477538,0.0,5.38400445872,7.5025113074
2018-05-28 02:00:00,35.2440626366,0.0,2.67436302209,5.9857712412
2018-05-29 02:00:00,43.5506864247,36.1442779751,12.0480926584,6.70215337973
2018-05-30 02:00:00,42.0560324646,29.6406503176,21.9283094309,12.2169217038
2018-05-31 02:00:00,44.3953541058,39.9926049732,35.2591777553,23.0785266149
2018-06-01 02:00:00,44.863431663,44.6836235985,38.1056262965,31.7643711609
2018-06-02 02:00:00,46.3889737861,51.7700291439,45.4820859052,39.6156299857
2018-06-03 02:00:00,50.2416708812,69.6664697902,55.3733741776,46.3203621264
2018-06-04 02:00:00,46.6033670315,52.7659226429,58.067473859,52.9743113139
2018-06-05 02:00:00,48.6357311486,62.2066035205,61.5463319845,58.329060007
2018-06-06 02:00:00,48.0923307211,59.6824150733,58.2183137456,59.2773731964
2018-06-07 02:00:00,47.5954819656,65.7620666426,62.5503617454,60.7716691585
2018-06-08 02:00:00,47.2052786146,79.7541566819,68.3995461326,63.0560738745
2018-06-09 02:00:00,47.3093374444,80.4479928467,75.3214053904,68.7571044228
